"id","run","nifti"
202200,1,"sub-202200_task-clockRev_run-01_bold.nii.gz"
202200,2,"sub-202200_task-clockRev_run-02_bold.nii.gz"
202278,1,"sub-202278_task-clockRev_run-01_bold.nii.gz"
202278,2,"sub-202278_task-clockRev_run-02_bold.nii.gz"
202735,1,"sub-202735_task-clockRev_run-01_bold.nii.gz"
202735,2,"sub-202735_task-clockRev_run-02_bold.nii.gz"
204015,1,"sub-204015_task-clockRev_run-01_bold.nii.gz"
204015,2,"sub-204015_task-clockRev_run-02_bold.nii.gz"
207224,1,"sub-207224_task-clockRev_run-01_bold.nii.gz"
207224,2,"sub-207224_task-clockRev_run-02_bold.nii.gz"
208572,1,"sub-208572_task-clockRev_run-01_bold.nii.gz"
208572,2,"sub-208572_task-clockRev_run-02_bold.nii.gz"
210100,1,"sub-210100_task-clockRev_run-01_bold.nii.gz"
210100,2,"sub-210100_task-clockRev_run-02_bold.nii.gz"
210290,1,"sub-210290_task-clockRev_run-01_bold.nii.gz"
210290,2,"sub-210290_task-clockRev_run-02_bold.nii.gz"
210374,1,"sub-210374_task-clockRev_run-01_bold.nii.gz"
210374,2,"sub-210374_task-clockRev_run-02_bold.nii.gz"
210701,1,"sub-210701_task-clockRev_run-01_bold.nii.gz"
210701,2,"sub-210701_task-clockRev_run-02_bold.nii.gz"
211038,1,"sub-211038_task-clockRev_run-01_bold.nii.gz"
211038,2,"sub-211038_task-clockRev_run-02_bold.nii.gz"
211101,1,"sub-211101_task-clockRev_run-01_bold.nii.gz"
211253,1,"sub-211253_task-clockRev_run-01_bold.nii.gz"
211253,2,"sub-211253_task-clockRev_run-02_bold.nii.gz"
211274,1,"sub-211274_task-clockRev_run-01_bold.nii.gz"
211274,2,"sub-211274_task-clockRev_run-02_bold.nii.gz"
211669,1,"sub-211669_task-clockRev_run-01_bold.nii.gz"
211669,2,"sub-211669_task-clockRev_run-02_bold.nii.gz"
212019,1,"sub-212019_task-clockRev_run-01_bold.nii.gz"
212019,2,"sub-212019_task-clockRev_run-02_bold.nii.gz"
212020,1,"sub-212020_task-clockRev_run-01_bold.nii.gz"
212020,2,"sub-212020_task-clockRev_run-02_bold.nii.gz"
212794,1,"sub-212794_task-clockRev_run-01_bold.nii.gz"
212794,2,"sub-212794_task-clockRev_run-02_bold.nii.gz"
212856,1,"sub-212856_task-clockRev_run-01_bold.nii.gz"
212856,2,"sub-212856_task-clockRev_run-02_bold.nii.gz"
212857,1,"sub-212857_task-clockRev_run-01_bold.nii.gz"
212857,2,"sub-212857_task-clockRev_run-02_bold.nii.gz"
213163,1,"sub-213163_task-clockRev_run-01_bold.nii.gz"
213704,1,"sub-213704_task-clockRev_run-01_bold.nii.gz"
213704,2,"sub-213704_task-clockRev_run-02_bold.nii.gz"
213708,1,"sub-213708_task-clockRev_run-01_bold.nii.gz"
213708,2,"sub-213708_task-clockRev_run-02_bold.nii.gz"
215211,1,"sub-215211_task-clockRev_run-01_bold.nii.gz"
215211,2,"sub-215211_task-clockRev_run-02_bold.nii.gz"
215537,1,"sub-215537_task-clockRev_run-01_bold.nii.gz"
215537,2,"sub-215537_task-clockRev_run-02_bold.nii.gz"
215622,1,"sub-215622_task-clockRev_run-01_bold.nii.gz"
215622,2,"sub-215622_task-clockRev_run-02_bold.nii.gz"
216011,1,"sub-216011_task-clockRev_run-01_bold.nii.gz"
216011,2,"sub-216011_task-clockRev_run-02_bold.nii.gz"
216028,1,"sub-216028_task-clockRev_run-01_bold.nii.gz"
216028,2,"sub-216028_task-clockRev_run-02_bold.nii.gz"
216806,1,"sub-216806_task-clockRev_run-01_bold.nii.gz"
216806,2,"sub-216806_task-clockRev_run-02_bold.nii.gz"
216845,1,"sub-216845_task-clockRev_run-01_bold.nii.gz"
216845,2,"sub-216845_task-clockRev_run-02_bold.nii.gz"
217008,1,"sub-217008_task-clockRev_run-01_bold.nii.gz"
217008,2,"sub-217008_task-clockRev_run-02_bold.nii.gz"
217173,1,"sub-217173_task-clockRev_run-01_bold.nii.gz"
217173,2,"sub-217173_task-clockRev_run-02_bold.nii.gz"
218219,1,"sub-218219_task-clockRev_run-01_bold.nii.gz"
218219,2,"sub-218219_task-clockRev_run-02_bold.nii.gz"
218572,1,"sub-218572_task-clockRev_run-01_bold.nii.gz"
218572,2,"sub-218572_task-clockRev_run-02_bold.nii.gz"
219044,1,"sub-219044_task-clockRev_run-01_bold.nii.gz"
219044,2,"sub-219044_task-clockRev_run-02_bold.nii.gz"
219089,1,"sub-219089_task-clockRev_run-01_bold.nii.gz"
219089,2,"sub-219089_task-clockRev_run-02_bold.nii.gz"
219392,1,"sub-219392_task-clockRev_run-01_bold.nii.gz"
219392,2,"sub-219392_task-clockRev_run-02_bold.nii.gz"
219658,1,"sub-219658_task-clockRev_run-01_bold.nii.gz"
219658,2,"sub-219658_task-clockRev_run-02_bold.nii.gz"
219676,1,"sub-219676_task-clockRev_run-01_bold.nii.gz"
219676,2,"sub-219676_task-clockRev_run-02_bold.nii.gz"
219944,1,"sub-219944_task-clockRev_run-01_bold.nii.gz"
219944,2,"sub-219944_task-clockRev_run-02_bold.nii.gz"
219949,1,"sub-219949_task-clockRev_run-01_bold.nii.gz"
219954,1,"sub-219954_task-clockRev_run-01_bold.nii.gz"
219954,2,"sub-219954_task-clockRev_run-02_bold.nii.gz"
220024,1,"sub-220024_task-clockRev_run-01_bold.nii.gz"
220024,2,"sub-220024_task-clockRev_run-02_bold.nii.gz"
220043,1,"sub-220043_task-clockRev_run-01_bold.nii.gz"
220043,2,"sub-220043_task-clockRev_run-02_bold.nii.gz"
220104,1,"sub-220104_task-clockRev_run-01_bold.nii.gz"
220104,2,"sub-220104_task-clockRev_run-02_bold.nii.gz"
220152,1,"sub-220152_task-clockRev_run-01_bold.nii.gz"
220152,2,"sub-220152_task-clockRev_run-02_bold.nii.gz"
220184,1,"sub-220184_task-clockRev_run-01_bold.nii.gz"
220184,2,"sub-220184_task-clockRev_run-02_bold.nii.gz"
220186,1,"sub-220186_task-clockRev_run-01_bold.nii.gz"
220186,2,"sub-220186_task-clockRev_run-02_bold.nii.gz"
220244,1,"sub-220244_task-clockRev_run-01_bold.nii.gz"
220244,2,"sub-220244_task-clockRev_run-02_bold.nii.gz"
220299,1,"sub-220299_task-clockRev_run-01_bold.nii.gz"
220299,2,"sub-220299_task-clockRev_run-02_bold.nii.gz"
220513,1,"sub-220513_task-clockRev_run-01_bold.nii.gz"
220513,2,"sub-220513_task-clockRev_run-02_bold.nii.gz"
220523,1,"sub-220523_task-clockRev_run-01_bold.nii.gz"
220523,2,"sub-220523_task-clockRev_run-02_bold.nii.gz"
220531,1,"sub-220531_task-clockRev_run-01_bold.nii.gz"
220531,2,"sub-220531_task-clockRev_run-02_bold.nii.gz"
220566,1,"sub-220566_task-clockRev_run-01_bold.nii.gz"
220566,2,"sub-220566_task-clockRev_run-02_bold.nii.gz"
220597,1,"sub-220597_task-clockRev_run-01_bold.nii.gz"
220597,2,"sub-220597_task-clockRev_run-02_bold.nii.gz"
220649,1,"sub-220649_task-clockRev_run-01_bold.nii.gz"
220649,2,"sub-220649_task-clockRev_run-02_bold.nii.gz"
220740,1,"sub-220740_task-clockRev_run-01_bold.nii.gz"
220740,2,"sub-220740_task-clockRev_run-02_bold.nii.gz"
220758,1,"sub-220758_task-clockRev_run-01_bold.nii.gz"
220758,2,"sub-220758_task-clockRev_run-02_bold.nii.gz"
220796,1,"sub-220796_task-clockRev_run-01_bold.nii.gz"
220796,2,"sub-220796_task-clockRev_run-02_bold.nii.gz"
220865,1,"sub-220865_task-clockRev_run-01_bold.nii.gz"
220865,2,"sub-220865_task-clockRev_run-02_bold.nii.gz"
220889,1,"sub-220889_task-clockRev_run-01_bold.nii.gz"
220889,2,"sub-220889_task-clockRev_run-02_bold.nii.gz"
220913,1,"sub-220913_task-clockRev_run-01_bold.nii.gz"
220913,2,"sub-220913_task-clockRev_run-02_bold.nii.gz"
220914,1,"sub-220914_task-clockRev_run-01_bold.nii.gz"
220914,2,"sub-220914_task-clockRev_run-02_bold.nii.gz"
220927,1,"sub-220927_task-clockRev_run-01_bold.nii.gz"
220927,2,"sub-220927_task-clockRev_run-02_bold.nii.gz"
220947,1,"sub-220947_task-clockRev_run-01_bold.nii.gz"
220947,2,"sub-220947_task-clockRev_run-02_bold.nii.gz"
220963,1,"sub-220963_task-clockRev_run-01_bold.nii.gz"
220963,2,"sub-220963_task-clockRev_run-02_bold.nii.gz"
220976,1,"sub-220976_task-clockRev_run-01_bold.nii.gz"
220976,2,"sub-220976_task-clockRev_run-02_bold.nii.gz"
220989,1,"sub-220989_task-clockRev_run-01_bold.nii.gz"
220989,2,"sub-220989_task-clockRev_run-02_bold.nii.gz"
221018,1,"sub-221018_task-clockRev_run-01_bold.nii.gz"
221018,2,"sub-221018_task-clockRev_run-02_bold.nii.gz"
221036,1,"sub-221036_task-clockRev_run-01_bold.nii.gz"
221036,2,"sub-221036_task-clockRev_run-02_bold.nii.gz"
221050,1,"sub-221050_task-clockRev_run-01_bold.nii.gz"
221050,2,"sub-221050_task-clockRev_run-02_bold.nii.gz"
221080,1,"sub-221080_task-clockRev_run-01_bold.nii.gz"
221080,2,"sub-221080_task-clockRev_run-02_bold.nii.gz"
221085,1,"sub-221085_task-clockRev_run-01_bold.nii.gz"
221085,2,"sub-221085_task-clockRev_run-02_bold.nii.gz"
2211101,1,"sub-2211101_task-clockRev_run-01_bold.nii.gz"
221181,1,"sub-221181_task-clockRev_run-01_bold.nii.gz"
221181,2,"sub-221181_task-clockRev_run-02_bold.nii.gz"
221183,1,"sub-221183_task-clockRev_run-01_bold.nii.gz"
221183,2,"sub-221183_task-clockRev_run-02_bold.nii.gz"
221193,1,"sub-221193_task-clockRev_run-01_bold.nii.gz"
221193,2,"sub-221193_task-clockRev_run-02_bold.nii.gz"
221206,1,"sub-221206_task-clockRev_run-01_bold.nii.gz"
221206,2,"sub-221206_task-clockRev_run-02_bold.nii.gz"
221212,1,"sub-221212_task-clockRev_run-01_bold.nii.gz"
221212,2,"sub-221212_task-clockRev_run-02_bold.nii.gz"
221228,1,"sub-221228_task-clockRev_run-01_bold.nii.gz"
221228,2,"sub-221228_task-clockRev_run-02_bold.nii.gz"
221229,1,"sub-221229_task-clockRev_run-01_bold.nii.gz"
221229,2,"sub-221229_task-clockRev_run-02_bold.nii.gz"
221256,1,"sub-221256_task-clockRev_run-01_bold.nii.gz"
221256,2,"sub-221256_task-clockRev_run-02_bold.nii.gz"
221261,1,"sub-221261_task-clockRev_run-01_bold.nii.gz"
221261,2,"sub-221261_task-clockRev_run-02_bold.nii.gz"
221262,1,"sub-221262_task-clockRev_run-01_bold.nii.gz"
221262,2,"sub-221262_task-clockRev_run-02_bold.nii.gz"
221273,1,"sub-221273_task-clockRev_run-01_bold.nii.gz"
221273,2,"sub-221273_task-clockRev_run-02_bold.nii.gz"
221292,1,"sub-221292_task-clockRev_run-01_bold.nii.gz"
221292,2,"sub-221292_task-clockRev_run-02_bold.nii.gz"
221298,1,"sub-221298_task-clockRev_run-01_bold.nii.gz"
221298,2,"sub-221298_task-clockRev_run-02_bold.nii.gz"
221448,1,"sub-221448_task-clockRev_run-01_bold.nii.gz"
221448,2,"sub-221448_task-clockRev_run-02_bold.nii.gz"
221610,1,"sub-221610_task-clockRev_run-01_bold.nii.gz"
221610,2,"sub-221610_task-clockRev_run-02_bold.nii.gz"
221637,1,"sub-221637_task-clockRev_run-01_bold.nii.gz"
221637,2,"sub-221637_task-clockRev_run-02_bold.nii.gz"
221680,1,"sub-221680_task-clockRev_run-01_bold.nii.gz"
221680,2,"sub-221680_task-clockRev_run-02_bold.nii.gz"
221698,1,"sub-221698_task-clockRev_run-01_bold.nii.gz"
221698,2,"sub-221698_task-clockRev_run-02_bold.nii.gz"
221715,1,"sub-221715_task-clockRev_run-01_bold.nii.gz"
221715,2,"sub-221715_task-clockRev_run-02_bold.nii.gz"
221910,1,"sub-221910_task-clockRev_run-01_bold.nii.gz"
221910,2,"sub-221910_task-clockRev_run-02_bold.nii.gz"
221916,1,"sub-221916_task-clockRev_run-01_bold.nii.gz"
221916,2,"sub-221916_task-clockRev_run-02_bold.nii.gz"
222067,1,"sub-222067_task-clockRev_run-01_bold.nii.gz"
222067,2,"sub-222067_task-clockRev_run-02_bold.nii.gz"
222093,1,"sub-222093_task-clockRev_run-01_bold.nii.gz"
222093,2,"sub-222093_task-clockRev_run-02_bold.nii.gz"
222112,1,"sub-222112_task-clockRev_run-01_bold.nii.gz"
222112,2,"sub-222112_task-clockRev_run-02_bold.nii.gz"
222121,1,"sub-222121_task-clockRev_run-01_bold.nii.gz"
222121,2,"sub-222121_task-clockRev_run-02_bold.nii.gz"
35780,1,"sub-35780_task-clockRev_run-01_bold.nii.gz"
35780,2,"sub-35780_task-clockRev_run-02_bold.nii.gz"
37542,1,"sub-37542_task-clockRev_run-01_bold.nii.gz"
37542,2,"sub-37542_task-clockRev_run-02_bold.nii.gz"
431100,1,"sub-431100_task-clockRev_run-01_bold.nii.gz"
431100,2,"sub-431100_task-clockRev_run-02_bold.nii.gz"
431106,1,"sub-431106_task-clockRev_run-01_bold.nii.gz"
431106,2,"sub-431106_task-clockRev_run-02_bold.nii.gz"
431224,1,"sub-431224_task-clockRev_run-01_bold.nii.gz"
431224,2,"sub-431224_task-clockRev_run-02_bold.nii.gz"
431230,1,"sub-431230_task-clockRev_run-01_bold.nii.gz"
431230,2,"sub-431230_task-clockRev_run-02_bold.nii.gz"
440021,1,"sub-440021_task-clockRev_run-01_bold.nii.gz"
440021,2,"sub-440021_task-clockRev_run-02_bold.nii.gz"
440024,1,"sub-440024_task-clockRev_run-01_bold.nii.gz"
440024,2,"sub-440024_task-clockRev_run-02_bold.nii.gz"
440042,1,"sub-440042_task-clockRev_run-01_bold.nii.gz"
440042,2,"sub-440042_task-clockRev_run-02_bold.nii.gz"
440066,1,"sub-440066_task-clockRev_run-01_bold.nii.gz"
440066,2,"sub-440066_task-clockRev_run-02_bold.nii.gz"
440072,1,"sub-440072_task-clockRev_run-01_bold.nii.gz"
440072,2,"sub-440072_task-clockRev_run-02_bold.nii.gz"
440120,1,"sub-440120_task-clockRev_run-01_bold.nii.gz"
440120,2,"sub-440120_task-clockRev_run-02_bold.nii.gz"
440138,1,"sub-440138_task-clockRev_run-01_bold.nii.gz"
440138,2,"sub-440138_task-clockRev_run-02_bold.nii.gz"
440149,1,"sub-440149_task-clockRev_run-01_bold.nii.gz"
440149,2,"sub-440149_task-clockRev_run-02_bold.nii.gz"
440165,1,"sub-440165_task-clockRev_run-01_bold.nii.gz"
440165,2,"sub-440165_task-clockRev_run-02_bold.nii.gz"
440166,1,"sub-440166_task-clockRev_run-01_bold.nii.gz"
440166,2,"sub-440166_task-clockRev_run-02_bold.nii.gz"
440181,1,"sub-440181_task-clockRev_run-01_bold.nii.gz"
440181,2,"sub-440181_task-clockRev_run-02_bold.nii.gz"
440182,1,"sub-440182_task-clockRev_run-01_bold.nii.gz"
440182,2,"sub-440182_task-clockRev_run-02_bold.nii.gz"
440184,1,"sub-440184_task-clockRev_run-01_bold.nii.gz"
440184,2,"sub-440184_task-clockRev_run-02_bold.nii.gz"
440196,1,"sub-440196_task-clockRev_run-01_bold.nii.gz"
440196,2,"sub-440196_task-clockRev_run-02_bold.nii.gz"
440199,1,"sub-440199_task-clockRev_run-01_bold.nii.gz"
440199,2,"sub-440199_task-clockRev_run-02_bold.nii.gz"
440200,1,"sub-440200_task-clockRev_run-01_bold.nii.gz"
440200,2,"sub-440200_task-clockRev_run-02_bold.nii.gz"
440214,1,"sub-440214_task-clockRev_run-01_bold.nii.gz"
440214,2,"sub-440214_task-clockRev_run-02_bold.nii.gz"
440215,1,"sub-440215_task-clockRev_run-01_bold.nii.gz"
440215,2,"sub-440215_task-clockRev_run-02_bold.nii.gz"
440216,1,"sub-440216_task-clockRev_run-01_bold.nii.gz"
440216,2,"sub-440216_task-clockRev_run-02_bold.nii.gz"
440237,1,"sub-440237_task-clockRev_run-01_bold.nii.gz"
440237,2,"sub-440237_task-clockRev_run-02_bold.nii.gz"
440243,1,"sub-440243_task-clockRev_run-01_bold.nii.gz"
440243,2,"sub-440243_task-clockRev_run-02_bold.nii.gz"
440247,1,"sub-440247_task-clockRev_run-01_bold.nii.gz"
440247,2,"sub-440247_task-clockRev_run-02_bold.nii.gz"
440253,1,"sub-440253_task-clockRev_run-01_bold.nii.gz"
440253,2,"sub-440253_task-clockRev_run-02_bold.nii.gz"
440254,1,"sub-440254_task-clockRev_run-01_bold.nii.gz"
440254,2,"sub-440254_task-clockRev_run-02_bold.nii.gz"
440263,1,"sub-440263_task-clockRev_run-01_bold.nii.gz"
440263,2,"sub-440263_task-clockRev_run-02_bold.nii.gz"
440266,1,"sub-440266_task-clockRev_run-01_bold.nii.gz"
440266,2,"sub-440266_task-clockRev_run-02_bold.nii.gz"
440292,1,"sub-440292_task-clockRev_run-01_bold.nii.gz"
440292,2,"sub-440292_task-clockRev_run-02_bold.nii.gz"
440295,1,"sub-440295_task-clockRev_run-01_bold.nii.gz"
440295,2,"sub-440295_task-clockRev_run-02_bold.nii.gz"
440301,1,"sub-440301_task-clockRev_run-01_bold.nii.gz"
440301,2,"sub-440301_task-clockRev_run-02_bold.nii.gz"
440307,1,"sub-440307_task-clockRev_run-01_bold.nii.gz"
440307,2,"sub-440307_task-clockRev_run-02_bold.nii.gz"
440311,1,"sub-440311_task-clockRev_run-01_bold.nii.gz"
440311,2,"sub-440311_task-clockRev_run-02_bold.nii.gz"
440323,1,"sub-440323_task-clockRev_run-01_bold.nii.gz"
440323,2,"sub-440323_task-clockRev_run-02_bold.nii.gz"
440329,1,"sub-440329_task-clockRev_run-01_bold.nii.gz"
440329,2,"sub-440329_task-clockRev_run-02_bold.nii.gz"
440330,1,"sub-440330_task-clockRev_run-01_bold.nii.gz"
440330,2,"sub-440330_task-clockRev_run-02_bold.nii.gz"
440335,1,"sub-440335_task-clockRev_run-01_bold.nii.gz"
440335,2,"sub-440335_task-clockRev_run-02_bold.nii.gz"
440336,1,"sub-440336_task-clockRev_run-01_bold.nii.gz"
440336,2,"sub-440336_task-clockRev_run-02_bold.nii.gz"
440337,1,"sub-440337_task-clockRev_run-01_bold.nii.gz"
440337,2,"sub-440337_task-clockRev_run-02_bold.nii.gz"
440340,1,"sub-440340_task-clockRev_run-01_bold.nii.gz"
440340,2,"sub-440340_task-clockRev_run-02_bold.nii.gz"
440355,1,"sub-440355_task-clockRev_run-01_bold.nii.gz"
440355,2,"sub-440355_task-clockRev_run-02_bold.nii.gz"
440359,1,"sub-440359_task-clockRev_run-01_bold.nii.gz"
440359,2,"sub-440359_task-clockRev_run-02_bold.nii.gz"
440361,1,"sub-440361_task-clockRev_run-01_bold.nii.gz"
440361,2,"sub-440361_task-clockRev_run-02_bold.nii.gz"
440368,1,"sub-440368_task-clockRev_run-01_bold.nii.gz"
440368,2,"sub-440368_task-clockRev_run-02_bold.nii.gz"
440392,1,"sub-440392_task-clockRev_run-01_bold.nii.gz"
440392,2,"sub-440392_task-clockRev_run-02_bold.nii.gz"
440393,1,"sub-440393_task-clockRev_run-01_bold.nii.gz"
440393,2,"sub-440393_task-clockRev_run-02_bold.nii.gz"
440421,1,"sub-440421_task-clockRev_run-01_bold.nii.gz"
440421,2,"sub-440421_task-clockRev_run-02_bold.nii.gz"
440423,1,"sub-440423_task-clockRev_run-01_bold.nii.gz"
440423,2,"sub-440423_task-clockRev_run-02_bold.nii.gz"
440445,1,"sub-440445_task-clockRev_run-01_bold.nii.gz"
440445,2,"sub-440445_task-clockRev_run-02_bold.nii.gz"
440462,1,"sub-440462_task-clockRev_run-01_bold.nii.gz"
440462,2,"sub-440462_task-clockRev_run-02_bold.nii.gz"
440489,1,"sub-440489_task-clockRev_run-01_bold.nii.gz"
440489,2,"sub-440489_task-clockRev_run-02_bold.nii.gz"
440497,1,"sub-440497_task-clockRev_run-01_bold.nii.gz"
440497,2,"sub-440497_task-clockRev_run-02_bold.nii.gz"
881224,1,"sub-881224_task-clockRev_run-01_bold.nii.gz"
881224,2,"sub-881224_task-clockRev_run-02_bold.nii.gz"
881230,1,"sub-881230_task-clockRev_run-01_bold.nii.gz"
881230,2,"sub-881230_task-clockRev_run-02_bold.nii.gz"
