"","nifti","run","id"
"1","/bgfs/adombrovski/DNPL_DataMesh/Data/EXP/data_fmriprep/fmriprep/sub-202200/func/nfas-sub-202200_task-clockRev_run-1_space-MNI152NLin2009cAsym_desc-preproc_bold.nii.gz",1,"202200"
"2","/bgfs/adombrovski/DNPL_DataMesh/Data/EXP/data_fmriprep/fmriprep/sub-202200/func/nfas-sub-202200_task-clockRev_run-2_space-MNI152NLin2009cAsym_desc-preproc_bold.nii.gz",2,"202200"
"3","/bgfs/adombrovski/DNPL_DataMesh/Data/EXP/data_fmriprep/fmriprep/sub-202278/func/nfas-sub-202278_task-clockRev_run-1_space-MNI152NLin2009cAsym_desc-preproc_bold.nii.gz",1,"202278"
"4","/bgfs/adombrovski/DNPL_DataMesh/Data/EXP/data_fmriprep/fmriprep/sub-202278/func/nfas-sub-202278_task-clockRev_run-2_space-MNI152NLin2009cAsym_desc-preproc_bold.nii.gz",2,"202278"
"5","/bgfs/adombrovski/DNPL_DataMesh/Data/EXP/data_fmriprep/fmriprep/sub-202735/func/nfas-sub-202735_task-clockRev_run-1_space-MNI152NLin2009cAsym_desc-preproc_bold.nii.gz",1,"202735"
"6","/bgfs/adombrovski/DNPL_DataMesh/Data/EXP/data_fmriprep/fmriprep/sub-202735/func/nfas-sub-202735_task-clockRev_run-2_space-MNI152NLin2009cAsym_desc-preproc_bold.nii.gz",2,"202735"
"7","/bgfs/adombrovski/DNPL_DataMesh/Data/EXP/data_fmriprep/fmriprep/sub-204015/func/nfas-sub-204015_task-clockRev_run-1_space-MNI152NLin2009cAsym_desc-preproc_bold.nii.gz",1,"204015"
"8","/bgfs/adombrovski/DNPL_DataMesh/Data/EXP/data_fmriprep/fmriprep/sub-204015/func/nfas-sub-204015_task-clockRev_run-2_space-MNI152NLin2009cAsym_desc-preproc_bold.nii.gz",2,"204015"
"9","/bgfs/adombrovski/DNPL_DataMesh/Data/EXP/data_fmriprep/fmriprep/sub-207224/func/nfas-sub-207224_task-clockRev_run-1_space-MNI152NLin2009cAsym_desc-preproc_bold.nii.gz",1,"207224"
"10","/bgfs/adombrovski/DNPL_DataMesh/Data/EXP/data_fmriprep/fmriprep/sub-207224/func/nfas-sub-207224_task-clockRev_run-2_space-MNI152NLin2009cAsym_desc-preproc_bold.nii.gz",2,"207224"
"11","/bgfs/adombrovski/DNPL_DataMesh/Data/EXP/data_fmriprep/fmriprep/sub-208572/func/nfas-sub-208572_task-clockRev_run-1_space-MNI152NLin2009cAsym_desc-preproc_bold.nii.gz",1,"208572"
"12","/bgfs/adombrovski/DNPL_DataMesh/Data/EXP/data_fmriprep/fmriprep/sub-208572/func/nfas-sub-208572_task-clockRev_run-2_space-MNI152NLin2009cAsym_desc-preproc_bold.nii.gz",2,"208572"
"13","/bgfs/adombrovski/DNPL_DataMesh/Data/EXP/data_fmriprep/fmriprep/sub-210100/func/nfas-sub-210100_task-clockRev_run-1_space-MNI152NLin2009cAsym_desc-preproc_bold.nii.gz",1,"210100"
"14","/bgfs/adombrovski/DNPL_DataMesh/Data/EXP/data_fmriprep/fmriprep/sub-210100/func/nfas-sub-210100_task-clockRev_run-2_space-MNI152NLin2009cAsym_desc-preproc_bold.nii.gz",2,"210100"
"15","/bgfs/adombrovski/DNPL_DataMesh/Data/EXP/data_fmriprep/fmriprep/sub-210290/func/nfas-sub-210290_task-clockRev_run-1_space-MNI152NLin2009cAsym_desc-preproc_bold.nii.gz",1,"210290"
"16","/bgfs/adombrovski/DNPL_DataMesh/Data/EXP/data_fmriprep/fmriprep/sub-210290/func/nfas-sub-210290_task-clockRev_run-2_space-MNI152NLin2009cAsym_desc-preproc_bold.nii.gz",2,"210290"
"17","/bgfs/adombrovski/DNPL_DataMesh/Data/EXP/data_fmriprep/fmriprep/sub-210374/func/nfas-sub-210374_task-clockRev_run-1_space-MNI152NLin2009cAsym_desc-preproc_bold.nii.gz",1,"210374"
"18","/bgfs/adombrovski/DNPL_DataMesh/Data/EXP/data_fmriprep/fmriprep/sub-210374/func/nfas-sub-210374_task-clockRev_run-2_space-MNI152NLin2009cAsym_desc-preproc_bold.nii.gz",2,"210374"
"19","/bgfs/adombrovski/DNPL_DataMesh/Data/EXP/data_fmriprep/fmriprep/sub-210701/func/nfas-sub-210701_task-clockRev_run-1_space-MNI152NLin2009cAsym_desc-preproc_bold.nii.gz",1,"210701"
"20","/bgfs/adombrovski/DNPL_DataMesh/Data/EXP/data_fmriprep/fmriprep/sub-210701/func/nfas-sub-210701_task-clockRev_run-2_space-MNI152NLin2009cAsym_desc-preproc_bold.nii.gz",2,"210701"
"21","/bgfs/adombrovski/DNPL_DataMesh/Data/EXP/data_fmriprep/fmriprep/sub-211038/func/nfas-sub-211038_task-clockRev_run-1_space-MNI152NLin2009cAsym_desc-preproc_bold.nii.gz",1,"211038"
"22","/bgfs/adombrovski/DNPL_DataMesh/Data/EXP/data_fmriprep/fmriprep/sub-211038/func/nfas-sub-211038_task-clockRev_run-2_space-MNI152NLin2009cAsym_desc-preproc_bold.nii.gz",2,"211038"
"23","/bgfs/adombrovski/DNPL_DataMesh/Data/EXP/data_fmriprep/fmriprep/sub-211101/func/nfas-sub-211101_task-clockRev_run-1_space-MNI152NLin2009cAsym_desc-preproc_bold.nii.gz",1,"211101"
"24","/bgfs/adombrovski/DNPL_DataMesh/Data/EXP/data_fmriprep/fmriprep/sub-211253/func/nfas-sub-211253_task-clockRev_run-1_space-MNI152NLin2009cAsym_desc-preproc_bold.nii.gz",1,"211253"
"25","/bgfs/adombrovski/DNPL_DataMesh/Data/EXP/data_fmriprep/fmriprep/sub-211253/func/nfas-sub-211253_task-clockRev_run-2_space-MNI152NLin2009cAsym_desc-preproc_bold.nii.gz",2,"211253"
"26","/bgfs/adombrovski/DNPL_DataMesh/Data/EXP/data_fmriprep/fmriprep/sub-211274/func/nfas-sub-211274_task-clockRev_run-1_space-MNI152NLin2009cAsym_desc-preproc_bold.nii.gz",1,"211274"
"27","/bgfs/adombrovski/DNPL_DataMesh/Data/EXP/data_fmriprep/fmriprep/sub-211274/func/nfas-sub-211274_task-clockRev_run-2_space-MNI152NLin2009cAsym_desc-preproc_bold.nii.gz",2,"211274"
"28","/bgfs/adombrovski/DNPL_DataMesh/Data/EXP/data_fmriprep/fmriprep/sub-211669/func/nfas-sub-211669_task-clockRev_run-1_space-MNI152NLin2009cAsym_desc-preproc_bold.nii.gz",1,"211669"
"29","/bgfs/adombrovski/DNPL_DataMesh/Data/EXP/data_fmriprep/fmriprep/sub-211669/func/nfas-sub-211669_task-clockRev_run-2_space-MNI152NLin2009cAsym_desc-preproc_bold.nii.gz",2,"211669"
"30","/bgfs/adombrovski/DNPL_DataMesh/Data/EXP/data_fmriprep/fmriprep/sub-212019/func/nfas-sub-212019_task-clockRev_run-1_space-MNI152NLin2009cAsym_desc-preproc_bold.nii.gz",1,"212019"
"31","/bgfs/adombrovski/DNPL_DataMesh/Data/EXP/data_fmriprep/fmriprep/sub-212019/func/nfas-sub-212019_task-clockRev_run-2_space-MNI152NLin2009cAsym_desc-preproc_bold.nii.gz",2,"212019"
"32","/bgfs/adombrovski/DNPL_DataMesh/Data/EXP/data_fmriprep/fmriprep/sub-212020/func/nfas-sub-212020_task-clockRev_run-1_space-MNI152NLin2009cAsym_desc-preproc_bold.nii.gz",1,"212020"
"33","/bgfs/adombrovski/DNPL_DataMesh/Data/EXP/data_fmriprep/fmriprep/sub-212020/func/nfas-sub-212020_task-clockRev_run-2_space-MNI152NLin2009cAsym_desc-preproc_bold.nii.gz",2,"212020"
"34","/bgfs/adombrovski/DNPL_DataMesh/Data/EXP/data_fmriprep/fmriprep/sub-212794/func/nfas-sub-212794_task-clockRev_run-1_space-MNI152NLin2009cAsym_desc-preproc_bold.nii.gz",1,"212794"
"35","/bgfs/adombrovski/DNPL_DataMesh/Data/EXP/data_fmriprep/fmriprep/sub-212794/func/nfas-sub-212794_task-clockRev_run-2_space-MNI152NLin2009cAsym_desc-preproc_bold.nii.gz",2,"212794"
"36","/bgfs/adombrovski/DNPL_DataMesh/Data/EXP/data_fmriprep/fmriprep/sub-212856/func/nfas-sub-212856_task-clockRev_run-1_space-MNI152NLin2009cAsym_desc-preproc_bold.nii.gz",1,"212856"
"37","/bgfs/adombrovski/DNPL_DataMesh/Data/EXP/data_fmriprep/fmriprep/sub-212856/func/nfas-sub-212856_task-clockRev_run-2_space-MNI152NLin2009cAsym_desc-preproc_bold.nii.gz",2,"212856"
"38","/bgfs/adombrovski/DNPL_DataMesh/Data/EXP/data_fmriprep/fmriprep/sub-212857/func/nfas-sub-212857_task-clockRev_run-1_space-MNI152NLin2009cAsym_desc-preproc_bold.nii.gz",1,"212857"
"39","/bgfs/adombrovski/DNPL_DataMesh/Data/EXP/data_fmriprep/fmriprep/sub-212857/func/nfas-sub-212857_task-clockRev_run-2_space-MNI152NLin2009cAsym_desc-preproc_bold.nii.gz",2,"212857"
"40","/bgfs/adombrovski/DNPL_DataMesh/Data/EXP/data_fmriprep/fmriprep/sub-213163/func/nfas-sub-213163_task-clockRev_run-1_space-MNI152NLin2009cAsym_desc-preproc_bold.nii.gz",1,"213163"
"41","/bgfs/adombrovski/DNPL_DataMesh/Data/EXP/data_fmriprep/fmriprep/sub-213704/func/nfas-sub-213704_task-clockRev_run-1_space-MNI152NLin2009cAsym_desc-preproc_bold.nii.gz",1,"213704"
"42","/bgfs/adombrovski/DNPL_DataMesh/Data/EXP/data_fmriprep/fmriprep/sub-213704/func/nfas-sub-213704_task-clockRev_run-2_space-MNI152NLin2009cAsym_desc-preproc_bold.nii.gz",2,"213704"
"43","/bgfs/adombrovski/DNPL_DataMesh/Data/EXP/data_fmriprep/fmriprep/sub-213708/func/nfas-sub-213708_task-clockRev_run-1_space-MNI152NLin2009cAsym_desc-preproc_bold.nii.gz",1,"213708"
"44","/bgfs/adombrovski/DNPL_DataMesh/Data/EXP/data_fmriprep/fmriprep/sub-213708/func/nfas-sub-213708_task-clockRev_run-2_space-MNI152NLin2009cAsym_desc-preproc_bold.nii.gz",2,"213708"
"45","/bgfs/adombrovski/DNPL_DataMesh/Data/EXP/data_fmriprep/fmriprep/sub-215211/func/nfas-sub-215211_task-clockRev_run-1_space-MNI152NLin2009cAsym_desc-preproc_bold.nii.gz",1,"215211"
"46","/bgfs/adombrovski/DNPL_DataMesh/Data/EXP/data_fmriprep/fmriprep/sub-215211/func/nfas-sub-215211_task-clockRev_run-2_space-MNI152NLin2009cAsym_desc-preproc_bold.nii.gz",2,"215211"
"47","/bgfs/adombrovski/DNPL_DataMesh/Data/EXP/data_fmriprep/fmriprep/sub-215537/func/nfas-sub-215537_task-clockRev_run-1_space-MNI152NLin2009cAsym_desc-preproc_bold.nii.gz",1,"215537"
"48","/bgfs/adombrovski/DNPL_DataMesh/Data/EXP/data_fmriprep/fmriprep/sub-215537/func/nfas-sub-215537_task-clockRev_run-2_space-MNI152NLin2009cAsym_desc-preproc_bold.nii.gz",2,"215537"
"49","/bgfs/adombrovski/DNPL_DataMesh/Data/EXP/data_fmriprep/fmriprep/sub-215622/func/nfas-sub-215622_task-clockRev_run-1_space-MNI152NLin2009cAsym_desc-preproc_bold.nii.gz",1,"215622"
"50","/bgfs/adombrovski/DNPL_DataMesh/Data/EXP/data_fmriprep/fmriprep/sub-215622/func/nfas-sub-215622_task-clockRev_run-2_space-MNI152NLin2009cAsym_desc-preproc_bold.nii.gz",2,"215622"
"51","/bgfs/adombrovski/DNPL_DataMesh/Data/EXP/data_fmriprep/fmriprep/sub-216011/func/nfas-sub-216011_task-clockRev_run-1_space-MNI152NLin2009cAsym_desc-preproc_bold.nii.gz",1,"216011"
"52","/bgfs/adombrovski/DNPL_DataMesh/Data/EXP/data_fmriprep/fmriprep/sub-216011/func/nfas-sub-216011_task-clockRev_run-2_space-MNI152NLin2009cAsym_desc-preproc_bold.nii.gz",2,"216011"
"53","/bgfs/adombrovski/DNPL_DataMesh/Data/EXP/data_fmriprep/fmriprep/sub-216028/func/nfas-sub-216028_task-clockRev_run-1_space-MNI152NLin2009cAsym_desc-preproc_bold.nii.gz",1,"216028"
"54","/bgfs/adombrovski/DNPL_DataMesh/Data/EXP/data_fmriprep/fmriprep/sub-216028/func/nfas-sub-216028_task-clockRev_run-2_space-MNI152NLin2009cAsym_desc-preproc_bold.nii.gz",2,"216028"
"55","/bgfs/adombrovski/DNPL_DataMesh/Data/EXP/data_fmriprep/fmriprep/sub-216806/func/nfas-sub-216806_task-clockRev_run-1_space-MNI152NLin2009cAsym_desc-preproc_bold.nii.gz",1,"216806"
"56","/bgfs/adombrovski/DNPL_DataMesh/Data/EXP/data_fmriprep/fmriprep/sub-216806/func/nfas-sub-216806_task-clockRev_run-2_space-MNI152NLin2009cAsym_desc-preproc_bold.nii.gz",2,"216806"
"57","/bgfs/adombrovski/DNPL_DataMesh/Data/EXP/data_fmriprep/fmriprep/sub-216845/func/nfas-sub-216845_task-clockRev_run-1_space-MNI152NLin2009cAsym_desc-preproc_bold.nii.gz",1,"216845"
"58","/bgfs/adombrovski/DNPL_DataMesh/Data/EXP/data_fmriprep/fmriprep/sub-216845/func/nfas-sub-216845_task-clockRev_run-2_space-MNI152NLin2009cAsym_desc-preproc_bold.nii.gz",2,"216845"
"59","/bgfs/adombrovski/DNPL_DataMesh/Data/EXP/data_fmriprep/fmriprep/sub-217008/func/nfas-sub-217008_task-clockRev_run-1_space-MNI152NLin2009cAsym_desc-preproc_bold.nii.gz",1,"217008"
"60","/bgfs/adombrovski/DNPL_DataMesh/Data/EXP/data_fmriprep/fmriprep/sub-217008/func/nfas-sub-217008_task-clockRev_run-2_space-MNI152NLin2009cAsym_desc-preproc_bold.nii.gz",2,"217008"
"61","/bgfs/adombrovski/DNPL_DataMesh/Data/EXP/data_fmriprep/fmriprep/sub-217173/func/nfas-sub-217173_task-clockRev_run-1_space-MNI152NLin2009cAsym_desc-preproc_bold.nii.gz",1,"217173"
"62","/bgfs/adombrovski/DNPL_DataMesh/Data/EXP/data_fmriprep/fmriprep/sub-217173/func/nfas-sub-217173_task-clockRev_run-2_space-MNI152NLin2009cAsym_desc-preproc_bold.nii.gz",2,"217173"
"63","/bgfs/adombrovski/DNPL_DataMesh/Data/EXP/data_fmriprep/fmriprep/sub-218219/func/nfas-sub-218219_task-clockRev_run-1_space-MNI152NLin2009cAsym_desc-preproc_bold.nii.gz",1,"218219"
"64","/bgfs/adombrovski/DNPL_DataMesh/Data/EXP/data_fmriprep/fmriprep/sub-218219/func/nfas-sub-218219_task-clockRev_run-2_space-MNI152NLin2009cAsym_desc-preproc_bold.nii.gz",2,"218219"
"65","/bgfs/adombrovski/DNPL_DataMesh/Data/EXP/data_fmriprep/fmriprep/sub-218572/func/nfas-sub-218572_task-clockRev_run-1_space-MNI152NLin2009cAsym_desc-preproc_bold.nii.gz",1,"218572"
"66","/bgfs/adombrovski/DNPL_DataMesh/Data/EXP/data_fmriprep/fmriprep/sub-218572/func/nfas-sub-218572_task-clockRev_run-2_space-MNI152NLin2009cAsym_desc-preproc_bold.nii.gz",2,"218572"
"67","/bgfs/adombrovski/DNPL_DataMesh/Data/EXP/data_fmriprep/fmriprep/sub-219044/func/nfas-sub-219044_task-clockRev_run-1_space-MNI152NLin2009cAsym_desc-preproc_bold.nii.gz",1,"219044"
"68","/bgfs/adombrovski/DNPL_DataMesh/Data/EXP/data_fmriprep/fmriprep/sub-219044/func/nfas-sub-219044_task-clockRev_run-2_space-MNI152NLin2009cAsym_desc-preproc_bold.nii.gz",2,"219044"
"69","/bgfs/adombrovski/DNPL_DataMesh/Data/EXP/data_fmriprep/fmriprep/sub-219089/func/nfas-sub-219089_task-clockRev_run-1_space-MNI152NLin2009cAsym_desc-preproc_bold.nii.gz",1,"219089"
"70","/bgfs/adombrovski/DNPL_DataMesh/Data/EXP/data_fmriprep/fmriprep/sub-219089/func/nfas-sub-219089_task-clockRev_run-2_space-MNI152NLin2009cAsym_desc-preproc_bold.nii.gz",2,"219089"
"71","/bgfs/adombrovski/DNPL_DataMesh/Data/EXP/data_fmriprep/fmriprep/sub-219392/func/nfas-sub-219392_task-clockRev_run-1_space-MNI152NLin2009cAsym_desc-preproc_bold.nii.gz",1,"219392"
"72","/bgfs/adombrovski/DNPL_DataMesh/Data/EXP/data_fmriprep/fmriprep/sub-219392/func/nfas-sub-219392_task-clockRev_run-2_space-MNI152NLin2009cAsym_desc-preproc_bold.nii.gz",2,"219392"
"73","/bgfs/adombrovski/DNPL_DataMesh/Data/EXP/data_fmriprep/fmriprep/sub-219658/func/nfas-sub-219658_task-clockRev_run-1_space-MNI152NLin2009cAsym_desc-preproc_bold.nii.gz",1,"219658"
"74","/bgfs/adombrovski/DNPL_DataMesh/Data/EXP/data_fmriprep/fmriprep/sub-219658/func/nfas-sub-219658_task-clockRev_run-2_space-MNI152NLin2009cAsym_desc-preproc_bold.nii.gz",2,"219658"
"75","/bgfs/adombrovski/DNPL_DataMesh/Data/EXP/data_fmriprep/fmriprep/sub-219676/func/nfas-sub-219676_task-clockRev_run-1_space-MNI152NLin2009cAsym_desc-preproc_bold.nii.gz",1,"219676"
"76","/bgfs/adombrovski/DNPL_DataMesh/Data/EXP/data_fmriprep/fmriprep/sub-219676/func/nfas-sub-219676_task-clockRev_run-2_space-MNI152NLin2009cAsym_desc-preproc_bold.nii.gz",2,"219676"
"77","/bgfs/adombrovski/DNPL_DataMesh/Data/EXP/data_fmriprep/fmriprep/sub-219944/func/nfas-sub-219944_task-clockRev_run-1_space-MNI152NLin2009cAsym_desc-preproc_bold.nii.gz",1,"219944"
"78","/bgfs/adombrovski/DNPL_DataMesh/Data/EXP/data_fmriprep/fmriprep/sub-219944/func/nfas-sub-219944_task-clockRev_run-2_space-MNI152NLin2009cAsym_desc-preproc_bold.nii.gz",2,"219944"
"79","/bgfs/adombrovski/DNPL_DataMesh/Data/EXP/data_fmriprep/fmriprep/sub-219949/func/nfas-sub-219949_task-clockRev_run-1_space-MNI152NLin2009cAsym_desc-preproc_bold.nii.gz",1,"219949"
"80","/bgfs/adombrovski/DNPL_DataMesh/Data/EXP/data_fmriprep/fmriprep/sub-219954/func/nfas-sub-219954_task-clockRev_run-1_space-MNI152NLin2009cAsym_desc-preproc_bold.nii.gz",1,"219954"
"81","/bgfs/adombrovski/DNPL_DataMesh/Data/EXP/data_fmriprep/fmriprep/sub-219954/func/nfas-sub-219954_task-clockRev_run-2_space-MNI152NLin2009cAsym_desc-preproc_bold.nii.gz",2,"219954"
"82","/bgfs/adombrovski/DNPL_DataMesh/Data/EXP/data_fmriprep/fmriprep/sub-220024/func/nfas-sub-220024_task-clockRev_run-1_space-MNI152NLin2009cAsym_desc-preproc_bold.nii.gz",1,"220024"
"83","/bgfs/adombrovski/DNPL_DataMesh/Data/EXP/data_fmriprep/fmriprep/sub-220024/func/nfas-sub-220024_task-clockRev_run-2_space-MNI152NLin2009cAsym_desc-preproc_bold.nii.gz",2,"220024"
"84","/bgfs/adombrovski/DNPL_DataMesh/Data/EXP/data_fmriprep/fmriprep/sub-220043/func/nfas-sub-220043_task-clockRev_run-1_space-MNI152NLin2009cAsym_desc-preproc_bold.nii.gz",1,"220043"
"85","/bgfs/adombrovski/DNPL_DataMesh/Data/EXP/data_fmriprep/fmriprep/sub-220043/func/nfas-sub-220043_task-clockRev_run-2_space-MNI152NLin2009cAsym_desc-preproc_bold.nii.gz",2,"220043"
"86","/bgfs/adombrovski/DNPL_DataMesh/Data/EXP/data_fmriprep/fmriprep/sub-220104/func/nfas-sub-220104_task-clockRev_run-1_space-MNI152NLin2009cAsym_desc-preproc_bold.nii.gz",1,"220104"
"87","/bgfs/adombrovski/DNPL_DataMesh/Data/EXP/data_fmriprep/fmriprep/sub-220104/func/nfas-sub-220104_task-clockRev_run-2_space-MNI152NLin2009cAsym_desc-preproc_bold.nii.gz",2,"220104"
"88","/bgfs/adombrovski/DNPL_DataMesh/Data/EXP/data_fmriprep/fmriprep/sub-220152/func/nfas-sub-220152_task-clockRev_run-1_space-MNI152NLin2009cAsym_desc-preproc_bold.nii.gz",1,"220152"
"89","/bgfs/adombrovski/DNPL_DataMesh/Data/EXP/data_fmriprep/fmriprep/sub-220152/func/nfas-sub-220152_task-clockRev_run-2_space-MNI152NLin2009cAsym_desc-preproc_bold.nii.gz",2,"220152"
"90","/bgfs/adombrovski/DNPL_DataMesh/Data/EXP/data_fmriprep/fmriprep/sub-220184/func/nfas-sub-220184_task-clockRev_run-1_space-MNI152NLin2009cAsym_desc-preproc_bold.nii.gz",1,"220184"
"91","/bgfs/adombrovski/DNPL_DataMesh/Data/EXP/data_fmriprep/fmriprep/sub-220184/func/nfas-sub-220184_task-clockRev_run-2_space-MNI152NLin2009cAsym_desc-preproc_bold.nii.gz",2,"220184"
"92","/bgfs/adombrovski/DNPL_DataMesh/Data/EXP/data_fmriprep/fmriprep/sub-220186/func/nfas-sub-220186_task-clockRev_run-1_space-MNI152NLin2009cAsym_desc-preproc_bold.nii.gz",1,"220186"
"93","/bgfs/adombrovski/DNPL_DataMesh/Data/EXP/data_fmriprep/fmriprep/sub-220186/func/nfas-sub-220186_task-clockRev_run-2_space-MNI152NLin2009cAsym_desc-preproc_bold.nii.gz",2,"220186"
"94","/bgfs/adombrovski/DNPL_DataMesh/Data/EXP/data_fmriprep/fmriprep/sub-220244/func/nfas-sub-220244_task-clockRev_run-1_space-MNI152NLin2009cAsym_desc-preproc_bold.nii.gz",1,"220244"
"95","/bgfs/adombrovski/DNPL_DataMesh/Data/EXP/data_fmriprep/fmriprep/sub-220244/func/nfas-sub-220244_task-clockRev_run-2_space-MNI152NLin2009cAsym_desc-preproc_bold.nii.gz",2,"220244"
"96","/bgfs/adombrovski/DNPL_DataMesh/Data/EXP/data_fmriprep/fmriprep/sub-220299/func/nfas-sub-220299_task-clockRev_run-1_space-MNI152NLin2009cAsym_desc-preproc_bold.nii.gz",1,"220299"
"97","/bgfs/adombrovski/DNPL_DataMesh/Data/EXP/data_fmriprep/fmriprep/sub-220299/func/nfas-sub-220299_task-clockRev_run-2_space-MNI152NLin2009cAsym_desc-preproc_bold.nii.gz",2,"220299"
"98","/bgfs/adombrovski/DNPL_DataMesh/Data/EXP/data_fmriprep/fmriprep/sub-220513/func/nfas-sub-220513_task-clockRev_run-1_space-MNI152NLin2009cAsym_desc-preproc_bold.nii.gz",1,"220513"
"99","/bgfs/adombrovski/DNPL_DataMesh/Data/EXP/data_fmriprep/fmriprep/sub-220513/func/nfas-sub-220513_task-clockRev_run-2_space-MNI152NLin2009cAsym_desc-preproc_bold.nii.gz",2,"220513"
"100","/bgfs/adombrovski/DNPL_DataMesh/Data/EXP/data_fmriprep/fmriprep/sub-220523/func/nfas-sub-220523_task-clockRev_run-1_space-MNI152NLin2009cAsym_desc-preproc_bold.nii.gz",1,"220523"
"101","/bgfs/adombrovski/DNPL_DataMesh/Data/EXP/data_fmriprep/fmriprep/sub-220523/func/nfas-sub-220523_task-clockRev_run-2_space-MNI152NLin2009cAsym_desc-preproc_bold.nii.gz",2,"220523"
"102","/bgfs/adombrovski/DNPL_DataMesh/Data/EXP/data_fmriprep/fmriprep/sub-220531/func/nfas-sub-220531_task-clockRev_run-1_space-MNI152NLin2009cAsym_desc-preproc_bold.nii.gz",1,"220531"
"103","/bgfs/adombrovski/DNPL_DataMesh/Data/EXP/data_fmriprep/fmriprep/sub-220531/func/nfas-sub-220531_task-clockRev_run-2_space-MNI152NLin2009cAsym_desc-preproc_bold.nii.gz",2,"220531"
"104","/bgfs/adombrovski/DNPL_DataMesh/Data/EXP/data_fmriprep/fmriprep/sub-220566/func/nfas-sub-220566_task-clockRev_run-1_space-MNI152NLin2009cAsym_desc-preproc_bold.nii.gz",1,"220566"
"105","/bgfs/adombrovski/DNPL_DataMesh/Data/EXP/data_fmriprep/fmriprep/sub-220566/func/nfas-sub-220566_task-clockRev_run-2_space-MNI152NLin2009cAsym_desc-preproc_bold.nii.gz",2,"220566"
"106","/bgfs/adombrovski/DNPL_DataMesh/Data/EXP/data_fmriprep/fmriprep/sub-220597/func/nfas-sub-220597_task-clockRev_run-1_space-MNI152NLin2009cAsym_desc-preproc_bold.nii.gz",1,"220597"
"107","/bgfs/adombrovski/DNPL_DataMesh/Data/EXP/data_fmriprep/fmriprep/sub-220597/func/nfas-sub-220597_task-clockRev_run-2_space-MNI152NLin2009cAsym_desc-preproc_bold.nii.gz",2,"220597"
"108","/bgfs/adombrovski/DNPL_DataMesh/Data/EXP/data_fmriprep/fmriprep/sub-220649/func/nfas-sub-220649_task-clockRev_run-1_space-MNI152NLin2009cAsym_desc-preproc_bold.nii.gz",1,"220649"
"109","/bgfs/adombrovski/DNPL_DataMesh/Data/EXP/data_fmriprep/fmriprep/sub-220649/func/nfas-sub-220649_task-clockRev_run-2_space-MNI152NLin2009cAsym_desc-preproc_bold.nii.gz",2,"220649"
"110","/bgfs/adombrovski/DNPL_DataMesh/Data/EXP/data_fmriprep/fmriprep/sub-220740/func/nfas-sub-220740_task-clockRev_run-1_space-MNI152NLin2009cAsym_desc-preproc_bold.nii.gz",1,"220740"
"111","/bgfs/adombrovski/DNPL_DataMesh/Data/EXP/data_fmriprep/fmriprep/sub-220740/func/nfas-sub-220740_task-clockRev_run-2_space-MNI152NLin2009cAsym_desc-preproc_bold.nii.gz",2,"220740"
"112","/bgfs/adombrovski/DNPL_DataMesh/Data/EXP/data_fmriprep/fmriprep/sub-220758/func/nfas-sub-220758_task-clockRev_run-1_space-MNI152NLin2009cAsym_desc-preproc_bold.nii.gz",1,"220758"
"113","/bgfs/adombrovski/DNPL_DataMesh/Data/EXP/data_fmriprep/fmriprep/sub-220758/func/nfas-sub-220758_task-clockRev_run-2_space-MNI152NLin2009cAsym_desc-preproc_bold.nii.gz",2,"220758"
"114","/bgfs/adombrovski/DNPL_DataMesh/Data/EXP/data_fmriprep/fmriprep/sub-220796/func/nfas-sub-220796_task-clockRev_run-1_space-MNI152NLin2009cAsym_desc-preproc_bold.nii.gz",1,"220796"
"115","/bgfs/adombrovski/DNPL_DataMesh/Data/EXP/data_fmriprep/fmriprep/sub-220796/func/nfas-sub-220796_task-clockRev_run-2_space-MNI152NLin2009cAsym_desc-preproc_bold.nii.gz",2,"220796"
"116","/bgfs/adombrovski/DNPL_DataMesh/Data/EXP/data_fmriprep/fmriprep/sub-220865/func/nfas-sub-220865_task-clockRev_run-1_space-MNI152NLin2009cAsym_desc-preproc_bold.nii.gz",1,"220865"
"117","/bgfs/adombrovski/DNPL_DataMesh/Data/EXP/data_fmriprep/fmriprep/sub-220865/func/nfas-sub-220865_task-clockRev_run-2_space-MNI152NLin2009cAsym_desc-preproc_bold.nii.gz",2,"220865"
"118","/bgfs/adombrovski/DNPL_DataMesh/Data/EXP/data_fmriprep/fmriprep/sub-220889/func/nfas-sub-220889_task-clockRev_run-1_space-MNI152NLin2009cAsym_desc-preproc_bold.nii.gz",1,"220889"
"119","/bgfs/adombrovski/DNPL_DataMesh/Data/EXP/data_fmriprep/fmriprep/sub-220889/func/nfas-sub-220889_task-clockRev_run-2_space-MNI152NLin2009cAsym_desc-preproc_bold.nii.gz",2,"220889"
"120","/bgfs/adombrovski/DNPL_DataMesh/Data/EXP/data_fmriprep/fmriprep/sub-220913/func/nfas-sub-220913_task-clockRev_run-1_space-MNI152NLin2009cAsym_desc-preproc_bold.nii.gz",1,"220913"
"121","/bgfs/adombrovski/DNPL_DataMesh/Data/EXP/data_fmriprep/fmriprep/sub-220913/func/nfas-sub-220913_task-clockRev_run-2_space-MNI152NLin2009cAsym_desc-preproc_bold.nii.gz",2,"220913"
"122","/bgfs/adombrovski/DNPL_DataMesh/Data/EXP/data_fmriprep/fmriprep/sub-220914/func/nfas-sub-220914_task-clockRev_run-1_space-MNI152NLin2009cAsym_desc-preproc_bold.nii.gz",1,"220914"
"123","/bgfs/adombrovski/DNPL_DataMesh/Data/EXP/data_fmriprep/fmriprep/sub-220914/func/nfas-sub-220914_task-clockRev_run-2_space-MNI152NLin2009cAsym_desc-preproc_bold.nii.gz",2,"220914"
"124","/bgfs/adombrovski/DNPL_DataMesh/Data/EXP/data_fmriprep/fmriprep/sub-220927/func/nfas-sub-220927_task-clockRev_run-1_space-MNI152NLin2009cAsym_desc-preproc_bold.nii.gz",1,"220927"
"125","/bgfs/adombrovski/DNPL_DataMesh/Data/EXP/data_fmriprep/fmriprep/sub-220927/func/nfas-sub-220927_task-clockRev_run-2_space-MNI152NLin2009cAsym_desc-preproc_bold.nii.gz",2,"220927"
"126","/bgfs/adombrovski/DNPL_DataMesh/Data/EXP/data_fmriprep/fmriprep/sub-220947/func/nfas-sub-220947_task-clockRev_run-1_space-MNI152NLin2009cAsym_desc-preproc_bold.nii.gz",1,"220947"
"127","/bgfs/adombrovski/DNPL_DataMesh/Data/EXP/data_fmriprep/fmriprep/sub-220947/func/nfas-sub-220947_task-clockRev_run-2_space-MNI152NLin2009cAsym_desc-preproc_bold.nii.gz",2,"220947"
"128","/bgfs/adombrovski/DNPL_DataMesh/Data/EXP/data_fmriprep/fmriprep/sub-220963/func/nfas-sub-220963_task-clockRev_run-1_space-MNI152NLin2009cAsym_desc-preproc_bold.nii.gz",1,"220963"
"129","/bgfs/adombrovski/DNPL_DataMesh/Data/EXP/data_fmriprep/fmriprep/sub-220963/func/nfas-sub-220963_task-clockRev_run-2_space-MNI152NLin2009cAsym_desc-preproc_bold.nii.gz",2,"220963"
"130","/bgfs/adombrovski/DNPL_DataMesh/Data/EXP/data_fmriprep/fmriprep/sub-220976/func/nfas-sub-220976_task-clockRev_run-1_space-MNI152NLin2009cAsym_desc-preproc_bold.nii.gz",1,"220976"
"131","/bgfs/adombrovski/DNPL_DataMesh/Data/EXP/data_fmriprep/fmriprep/sub-220976/func/nfas-sub-220976_task-clockRev_run-2_space-MNI152NLin2009cAsym_desc-preproc_bold.nii.gz",2,"220976"
"132","/bgfs/adombrovski/DNPL_DataMesh/Data/EXP/data_fmriprep/fmriprep/sub-220989/func/nfas-sub-220989_task-clockRev_run-1_space-MNI152NLin2009cAsym_desc-preproc_bold.nii.gz",1,"220989"
"133","/bgfs/adombrovski/DNPL_DataMesh/Data/EXP/data_fmriprep/fmriprep/sub-220989/func/nfas-sub-220989_task-clockRev_run-2_space-MNI152NLin2009cAsym_desc-preproc_bold.nii.gz",2,"220989"
"134","/bgfs/adombrovski/DNPL_DataMesh/Data/EXP/data_fmriprep/fmriprep/sub-221018/func/nfas-sub-221018_task-clockRev_run-1_space-MNI152NLin2009cAsym_desc-preproc_bold.nii.gz",1,"221018"
"135","/bgfs/adombrovski/DNPL_DataMesh/Data/EXP/data_fmriprep/fmriprep/sub-221018/func/nfas-sub-221018_task-clockRev_run-2_space-MNI152NLin2009cAsym_desc-preproc_bold.nii.gz",2,"221018"
"136","/bgfs/adombrovski/DNPL_DataMesh/Data/EXP/data_fmriprep/fmriprep/sub-221036/func/nfas-sub-221036_task-clockRev_run-1_space-MNI152NLin2009cAsym_desc-preproc_bold.nii.gz",1,"221036"
"137","/bgfs/adombrovski/DNPL_DataMesh/Data/EXP/data_fmriprep/fmriprep/sub-221036/func/nfas-sub-221036_task-clockRev_run-2_space-MNI152NLin2009cAsym_desc-preproc_bold.nii.gz",2,"221036"
"138","/bgfs/adombrovski/DNPL_DataMesh/Data/EXP/data_fmriprep/fmriprep/sub-221050/func/nfas-sub-221050_task-clockRev_run-1_space-MNI152NLin2009cAsym_desc-preproc_bold.nii.gz",1,"221050"
"139","/bgfs/adombrovski/DNPL_DataMesh/Data/EXP/data_fmriprep/fmriprep/sub-221050/func/nfas-sub-221050_task-clockRev_run-2_space-MNI152NLin2009cAsym_desc-preproc_bold.nii.gz",2,"221050"
"140","/bgfs/adombrovski/DNPL_DataMesh/Data/EXP/data_fmriprep/fmriprep/sub-221080/func/nfas-sub-221080_task-clockRev_run-1_space-MNI152NLin2009cAsym_desc-preproc_bold.nii.gz",1,"221080"
"141","/bgfs/adombrovski/DNPL_DataMesh/Data/EXP/data_fmriprep/fmriprep/sub-221080/func/nfas-sub-221080_task-clockRev_run-2_space-MNI152NLin2009cAsym_desc-preproc_bold.nii.gz",2,"221080"
"142","/bgfs/adombrovski/DNPL_DataMesh/Data/EXP/data_fmriprep/fmriprep/sub-221085/func/nfas-sub-221085_task-clockRev_run-1_space-MNI152NLin2009cAsym_desc-preproc_bold.nii.gz",1,"221085"
"143","/bgfs/adombrovski/DNPL_DataMesh/Data/EXP/data_fmriprep/fmriprep/sub-221085/func/nfas-sub-221085_task-clockRev_run-2_space-MNI152NLin2009cAsym_desc-preproc_bold.nii.gz",2,"221085"
"144","/bgfs/adombrovski/DNPL_DataMesh/Data/EXP/data_fmriprep/fmriprep/sub-2211101/func/nfas-sub-2211101_task-clockRev_run-1_space-MNI152NLin2009cAsym_desc-preproc_bold.nii.gz",1,"2211101"
"145","/bgfs/adombrovski/DNPL_DataMesh/Data/EXP/data_fmriprep/fmriprep/sub-221181/func/nfas-sub-221181_task-clockRev_run-1_space-MNI152NLin2009cAsym_desc-preproc_bold.nii.gz",1,"221181"
"146","/bgfs/adombrovski/DNPL_DataMesh/Data/EXP/data_fmriprep/fmriprep/sub-221181/func/nfas-sub-221181_task-clockRev_run-2_space-MNI152NLin2009cAsym_desc-preproc_bold.nii.gz",2,"221181"
"147","/bgfs/adombrovski/DNPL_DataMesh/Data/EXP/data_fmriprep/fmriprep/sub-221183/func/nfas-sub-221183_task-clockRev_run-1_space-MNI152NLin2009cAsym_desc-preproc_bold.nii.gz",1,"221183"
"148","/bgfs/adombrovski/DNPL_DataMesh/Data/EXP/data_fmriprep/fmriprep/sub-221183/func/nfas-sub-221183_task-clockRev_run-2_space-MNI152NLin2009cAsym_desc-preproc_bold.nii.gz",2,"221183"
"149","/bgfs/adombrovski/DNPL_DataMesh/Data/EXP/data_fmriprep/fmriprep/sub-221206/func/nfas-sub-221206_task-clockRev_run-1_space-MNI152NLin2009cAsym_desc-preproc_bold.nii.gz",1,"221206"
"150","/bgfs/adombrovski/DNPL_DataMesh/Data/EXP/data_fmriprep/fmriprep/sub-221206/func/nfas-sub-221206_task-clockRev_run-2_space-MNI152NLin2009cAsym_desc-preproc_bold.nii.gz",2,"221206"
"151","/bgfs/adombrovski/DNPL_DataMesh/Data/EXP/data_fmriprep/fmriprep/sub-221212/func/nfas-sub-221212_task-clockRev_run-1_space-MNI152NLin2009cAsym_desc-preproc_bold.nii.gz",1,"221212"
"152","/bgfs/adombrovski/DNPL_DataMesh/Data/EXP/data_fmriprep/fmriprep/sub-221212/func/nfas-sub-221212_task-clockRev_run-2_space-MNI152NLin2009cAsym_desc-preproc_bold.nii.gz",2,"221212"
"153","/bgfs/adombrovski/DNPL_DataMesh/Data/EXP/data_fmriprep/fmriprep/sub-221228/func/nfas-sub-221228_task-clockRev_run-1_space-MNI152NLin2009cAsym_desc-preproc_bold.nii.gz",1,"221228"
"154","/bgfs/adombrovski/DNPL_DataMesh/Data/EXP/data_fmriprep/fmriprep/sub-221228/func/nfas-sub-221228_task-clockRev_run-2_space-MNI152NLin2009cAsym_desc-preproc_bold.nii.gz",2,"221228"
"155","/bgfs/adombrovski/DNPL_DataMesh/Data/EXP/data_fmriprep/fmriprep/sub-221229/func/nfas-sub-221229_task-clockRev_run-1_space-MNI152NLin2009cAsym_desc-preproc_bold.nii.gz",1,"221229"
"156","/bgfs/adombrovski/DNPL_DataMesh/Data/EXP/data_fmriprep/fmriprep/sub-221229/func/nfas-sub-221229_task-clockRev_run-2_space-MNI152NLin2009cAsym_desc-preproc_bold.nii.gz",2,"221229"
"157","/bgfs/adombrovski/DNPL_DataMesh/Data/EXP/data_fmriprep/fmriprep/sub-221256/func/nfas-sub-221256_task-clockRev_run-1_space-MNI152NLin2009cAsym_desc-preproc_bold.nii.gz",1,"221256"
"158","/bgfs/adombrovski/DNPL_DataMesh/Data/EXP/data_fmriprep/fmriprep/sub-221256/func/nfas-sub-221256_task-clockRev_run-2_space-MNI152NLin2009cAsym_desc-preproc_bold.nii.gz",2,"221256"
"159","/bgfs/adombrovski/DNPL_DataMesh/Data/EXP/data_fmriprep/fmriprep/sub-221261/func/nfas-sub-221261_task-clockRev_run-1_space-MNI152NLin2009cAsym_desc-preproc_bold.nii.gz",1,"221261"
"160","/bgfs/adombrovski/DNPL_DataMesh/Data/EXP/data_fmriprep/fmriprep/sub-221261/func/nfas-sub-221261_task-clockRev_run-2_space-MNI152NLin2009cAsym_desc-preproc_bold.nii.gz",2,"221261"
"161","/bgfs/adombrovski/DNPL_DataMesh/Data/EXP/data_fmriprep/fmriprep/sub-221262/func/nfas-sub-221262_task-clockRev_run-1_space-MNI152NLin2009cAsym_desc-preproc_bold.nii.gz",1,"221262"
"162","/bgfs/adombrovski/DNPL_DataMesh/Data/EXP/data_fmriprep/fmriprep/sub-221262/func/nfas-sub-221262_task-clockRev_run-2_space-MNI152NLin2009cAsym_desc-preproc_bold.nii.gz",2,"221262"
"163","/bgfs/adombrovski/DNPL_DataMesh/Data/EXP/data_fmriprep/fmriprep/sub-221273/func/nfas-sub-221273_task-clockRev_run-1_space-MNI152NLin2009cAsym_desc-preproc_bold.nii.gz",1,"221273"
"164","/bgfs/adombrovski/DNPL_DataMesh/Data/EXP/data_fmriprep/fmriprep/sub-221273/func/nfas-sub-221273_task-clockRev_run-2_space-MNI152NLin2009cAsym_desc-preproc_bold.nii.gz",2,"221273"
"165","/bgfs/adombrovski/DNPL_DataMesh/Data/EXP/data_fmriprep/fmriprep/sub-221292/func/nfas-sub-221292_task-clockRev_run-1_space-MNI152NLin2009cAsym_desc-preproc_bold.nii.gz",1,"221292"
"166","/bgfs/adombrovski/DNPL_DataMesh/Data/EXP/data_fmriprep/fmriprep/sub-221292/func/nfas-sub-221292_task-clockRev_run-2_space-MNI152NLin2009cAsym_desc-preproc_bold.nii.gz",2,"221292"
"167","/bgfs/adombrovski/DNPL_DataMesh/Data/EXP/data_fmriprep/fmriprep/sub-221298/func/nfas-sub-221298_task-clockRev_run-1_space-MNI152NLin2009cAsym_desc-preproc_bold.nii.gz",1,"221298"
"168","/bgfs/adombrovski/DNPL_DataMesh/Data/EXP/data_fmriprep/fmriprep/sub-221298/func/nfas-sub-221298_task-clockRev_run-2_space-MNI152NLin2009cAsym_desc-preproc_bold.nii.gz",2,"221298"
"169","/bgfs/adombrovski/DNPL_DataMesh/Data/EXP/data_fmriprep/fmriprep/sub-221448/func/nfas-sub-221448_task-clockRev_run-1_space-MNI152NLin2009cAsym_desc-preproc_bold.nii.gz",1,"221448"
"170","/bgfs/adombrovski/DNPL_DataMesh/Data/EXP/data_fmriprep/fmriprep/sub-221448/func/nfas-sub-221448_task-clockRev_run-2_space-MNI152NLin2009cAsym_desc-preproc_bold.nii.gz",2,"221448"
"171","/bgfs/adombrovski/DNPL_DataMesh/Data/EXP/data_fmriprep/fmriprep/sub-221610/func/nfas-sub-221610_task-clockRev_run-1_space-MNI152NLin2009cAsym_desc-preproc_bold.nii.gz",1,"221610"
"172","/bgfs/adombrovski/DNPL_DataMesh/Data/EXP/data_fmriprep/fmriprep/sub-221610/func/nfas-sub-221610_task-clockRev_run-2_space-MNI152NLin2009cAsym_desc-preproc_bold.nii.gz",2,"221610"
"173","/bgfs/adombrovski/DNPL_DataMesh/Data/EXP/data_fmriprep/fmriprep/sub-221637/func/nfas-sub-221637_task-clockRev_run-1_space-MNI152NLin2009cAsym_desc-preproc_bold.nii.gz",1,"221637"
"174","/bgfs/adombrovski/DNPL_DataMesh/Data/EXP/data_fmriprep/fmriprep/sub-221637/func/nfas-sub-221637_task-clockRev_run-2_space-MNI152NLin2009cAsym_desc-preproc_bold.nii.gz",2,"221637"
"175","/bgfs/adombrovski/DNPL_DataMesh/Data/EXP/data_fmriprep/fmriprep/sub-221680/func/nfas-sub-221680_task-clockRev_run-1_space-MNI152NLin2009cAsym_desc-preproc_bold.nii.gz",1,"221680"
"176","/bgfs/adombrovski/DNPL_DataMesh/Data/EXP/data_fmriprep/fmriprep/sub-221680/func/nfas-sub-221680_task-clockRev_run-2_space-MNI152NLin2009cAsym_desc-preproc_bold.nii.gz",2,"221680"
"177","/bgfs/adombrovski/DNPL_DataMesh/Data/EXP/data_fmriprep/fmriprep/sub-221698/func/nfas-sub-221698_task-clockRev_run-1_space-MNI152NLin2009cAsym_desc-preproc_bold.nii.gz",1,"221698"
"178","/bgfs/adombrovski/DNPL_DataMesh/Data/EXP/data_fmriprep/fmriprep/sub-221698/func/nfas-sub-221698_task-clockRev_run-2_space-MNI152NLin2009cAsym_desc-preproc_bold.nii.gz",2,"221698"
"179","/bgfs/adombrovski/DNPL_DataMesh/Data/EXP/data_fmriprep/fmriprep/sub-221715/func/nfas-sub-221715_task-clockRev_run-1_space-MNI152NLin2009cAsym_desc-preproc_bold.nii.gz",1,"221715"
"180","/bgfs/adombrovski/DNPL_DataMesh/Data/EXP/data_fmriprep/fmriprep/sub-221715/func/nfas-sub-221715_task-clockRev_run-2_space-MNI152NLin2009cAsym_desc-preproc_bold.nii.gz",2,"221715"
"181","/bgfs/adombrovski/DNPL_DataMesh/Data/EXP/data_fmriprep/fmriprep/sub-221910/func/nfas-sub-221910_task-clockRev_run-1_space-MNI152NLin2009cAsym_desc-preproc_bold.nii.gz",1,"221910"
"182","/bgfs/adombrovski/DNPL_DataMesh/Data/EXP/data_fmriprep/fmriprep/sub-221910/func/nfas-sub-221910_task-clockRev_run-2_space-MNI152NLin2009cAsym_desc-preproc_bold.nii.gz",2,"221910"
"183","/bgfs/adombrovski/DNPL_DataMesh/Data/EXP/data_fmriprep/fmriprep/sub-221916/func/nfas-sub-221916_task-clockRev_run-1_space-MNI152NLin2009cAsym_desc-preproc_bold.nii.gz",1,"221916"
"184","/bgfs/adombrovski/DNPL_DataMesh/Data/EXP/data_fmriprep/fmriprep/sub-221916/func/nfas-sub-221916_task-clockRev_run-2_space-MNI152NLin2009cAsym_desc-preproc_bold.nii.gz",2,"221916"
"185","/bgfs/adombrovski/DNPL_DataMesh/Data/EXP/data_fmriprep/fmriprep/sub-222067/func/nfas-sub-222067_task-clockRev_run-1_space-MNI152NLin2009cAsym_desc-preproc_bold.nii.gz",1,"222067"
"186","/bgfs/adombrovski/DNPL_DataMesh/Data/EXP/data_fmriprep/fmriprep/sub-222067/func/nfas-sub-222067_task-clockRev_run-2_space-MNI152NLin2009cAsym_desc-preproc_bold.nii.gz",2,"222067"
"187","/bgfs/adombrovski/DNPL_DataMesh/Data/EXP/data_fmriprep/fmriprep/sub-222093/func/nfas-sub-222093_task-clockRev_run-1_space-MNI152NLin2009cAsym_desc-preproc_bold.nii.gz",1,"222093"
"188","/bgfs/adombrovski/DNPL_DataMesh/Data/EXP/data_fmriprep/fmriprep/sub-222093/func/nfas-sub-222093_task-clockRev_run-2_space-MNI152NLin2009cAsym_desc-preproc_bold.nii.gz",2,"222093"
"189","/bgfs/adombrovski/DNPL_DataMesh/Data/EXP/data_fmriprep/fmriprep/sub-222112/func/nfas-sub-222112_task-clockRev_run-1_space-MNI152NLin2009cAsym_desc-preproc_bold.nii.gz",1,"222112"
"190","/bgfs/adombrovski/DNPL_DataMesh/Data/EXP/data_fmriprep/fmriprep/sub-222112/func/nfas-sub-222112_task-clockRev_run-2_space-MNI152NLin2009cAsym_desc-preproc_bold.nii.gz",2,"222112"
"191","/bgfs/adombrovski/DNPL_DataMesh/Data/EXP/data_fmriprep/fmriprep/sub-222121/func/nfas-sub-222121_task-clockRev_run-1_space-MNI152NLin2009cAsym_desc-preproc_bold.nii.gz",1,"222121"
"192","/bgfs/adombrovski/DNPL_DataMesh/Data/EXP/data_fmriprep/fmriprep/sub-222121/func/nfas-sub-222121_task-clockRev_run-2_space-MNI152NLin2009cAsym_desc-preproc_bold.nii.gz",2,"222121"
"193","/bgfs/adombrovski/DNPL_DataMesh/Data/EXP/data_fmriprep/fmriprep/sub-35780/func/nfas-sub-35780_task-clockRev_run-1_space-MNI152NLin2009cAsym_desc-preproc_bold.nii.gz",1,"35780"
"194","/bgfs/adombrovski/DNPL_DataMesh/Data/EXP/data_fmriprep/fmriprep/sub-35780/func/nfas-sub-35780_task-clockRev_run-2_space-MNI152NLin2009cAsym_desc-preproc_bold.nii.gz",2,"35780"
"195","/bgfs/adombrovski/DNPL_DataMesh/Data/EXP/data_fmriprep/fmriprep/sub-37542/func/nfas-sub-37542_task-clockRev_run-1_space-MNI152NLin2009cAsym_desc-preproc_bold.nii.gz",1,"37542"
"196","/bgfs/adombrovski/DNPL_DataMesh/Data/EXP/data_fmriprep/fmriprep/sub-37542/func/nfas-sub-37542_task-clockRev_run-2_space-MNI152NLin2009cAsym_desc-preproc_bold.nii.gz",2,"37542"
"197","/bgfs/adombrovski/DNPL_DataMesh/Data/EXP/data_fmriprep/fmriprep/sub-431100/func/nfas-sub-431100_task-clockRev_run-1_space-MNI152NLin2009cAsym_desc-preproc_bold.nii.gz",1,"431100"
"198","/bgfs/adombrovski/DNPL_DataMesh/Data/EXP/data_fmriprep/fmriprep/sub-431100/func/nfas-sub-431100_task-clockRev_run-2_space-MNI152NLin2009cAsym_desc-preproc_bold.nii.gz",2,"431100"
"199","/bgfs/adombrovski/DNPL_DataMesh/Data/EXP/data_fmriprep/fmriprep/sub-431106/func/nfas-sub-431106_task-clockRev_run-1_space-MNI152NLin2009cAsym_desc-preproc_bold.nii.gz",1,"431106"
"200","/bgfs/adombrovski/DNPL_DataMesh/Data/EXP/data_fmriprep/fmriprep/sub-431106/func/nfas-sub-431106_task-clockRev_run-2_space-MNI152NLin2009cAsym_desc-preproc_bold.nii.gz",2,"431106"
"201","/bgfs/adombrovski/DNPL_DataMesh/Data/EXP/data_fmriprep/fmriprep/sub-431224/func/nfas-sub-431224_task-clockRev_run-1_space-MNI152NLin2009cAsym_desc-preproc_bold.nii.gz",1,"431224"
"202","/bgfs/adombrovski/DNPL_DataMesh/Data/EXP/data_fmriprep/fmriprep/sub-431224/func/nfas-sub-431224_task-clockRev_run-2_space-MNI152NLin2009cAsym_desc-preproc_bold.nii.gz",2,"431224"
"203","/bgfs/adombrovski/DNPL_DataMesh/Data/EXP/data_fmriprep/fmriprep/sub-431230/func/nfas-sub-431230_task-clockRev_run-1_space-MNI152NLin2009cAsym_desc-preproc_bold.nii.gz",1,"431230"
"204","/bgfs/adombrovski/DNPL_DataMesh/Data/EXP/data_fmriprep/fmriprep/sub-431230/func/nfas-sub-431230_task-clockRev_run-2_space-MNI152NLin2009cAsym_desc-preproc_bold.nii.gz",2,"431230"
"205","/bgfs/adombrovski/DNPL_DataMesh/Data/EXP/data_fmriprep/fmriprep/sub-440021/func/nfas-sub-440021_task-clockRev_run-1_space-MNI152NLin2009cAsym_desc-preproc_bold.nii.gz",1,"440021"
"206","/bgfs/adombrovski/DNPL_DataMesh/Data/EXP/data_fmriprep/fmriprep/sub-440021/func/nfas-sub-440021_task-clockRev_run-2_space-MNI152NLin2009cAsym_desc-preproc_bold.nii.gz",2,"440021"
"207","/bgfs/adombrovski/DNPL_DataMesh/Data/EXP/data_fmriprep/fmriprep/sub-440024/func/nfas-sub-440024_task-clockRev_run-1_space-MNI152NLin2009cAsym_desc-preproc_bold.nii.gz",1,"440024"
"208","/bgfs/adombrovski/DNPL_DataMesh/Data/EXP/data_fmriprep/fmriprep/sub-440024/func/nfas-sub-440024_task-clockRev_run-2_space-MNI152NLin2009cAsym_desc-preproc_bold.nii.gz",2,"440024"
"209","/bgfs/adombrovski/DNPL_DataMesh/Data/EXP/data_fmriprep/fmriprep/sub-440042/func/nfas-sub-440042_task-clockRev_run-1_space-MNI152NLin2009cAsym_desc-preproc_bold.nii.gz",1,"440042"
"210","/bgfs/adombrovski/DNPL_DataMesh/Data/EXP/data_fmriprep/fmriprep/sub-440042/func/nfas-sub-440042_task-clockRev_run-2_space-MNI152NLin2009cAsym_desc-preproc_bold.nii.gz",2,"440042"
"211","/bgfs/adombrovski/DNPL_DataMesh/Data/EXP/data_fmriprep/fmriprep/sub-440066/func/nfas-sub-440066_task-clockRev_run-1_space-MNI152NLin2009cAsym_desc-preproc_bold.nii.gz",1,"440066"
"212","/bgfs/adombrovski/DNPL_DataMesh/Data/EXP/data_fmriprep/fmriprep/sub-440066/func/nfas-sub-440066_task-clockRev_run-2_space-MNI152NLin2009cAsym_desc-preproc_bold.nii.gz",2,"440066"
"213","/bgfs/adombrovski/DNPL_DataMesh/Data/EXP/data_fmriprep/fmriprep/sub-440072/func/nfas-sub-440072_task-clockRev_run-1_space-MNI152NLin2009cAsym_desc-preproc_bold.nii.gz",1,"440072"
"214","/bgfs/adombrovski/DNPL_DataMesh/Data/EXP/data_fmriprep/fmriprep/sub-440072/func/nfas-sub-440072_task-clockRev_run-2_space-MNI152NLin2009cAsym_desc-preproc_bold.nii.gz",2,"440072"
"215","/bgfs/adombrovski/DNPL_DataMesh/Data/EXP/data_fmriprep/fmriprep/sub-440120/func/nfas-sub-440120_task-clockRev_run-1_space-MNI152NLin2009cAsym_desc-preproc_bold.nii.gz",1,"440120"
"216","/bgfs/adombrovski/DNPL_DataMesh/Data/EXP/data_fmriprep/fmriprep/sub-440120/func/nfas-sub-440120_task-clockRev_run-2_space-MNI152NLin2009cAsym_desc-preproc_bold.nii.gz",2,"440120"
"217","/bgfs/adombrovski/DNPL_DataMesh/Data/EXP/data_fmriprep/fmriprep/sub-440138/func/nfas-sub-440138_task-clockRev_run-1_space-MNI152NLin2009cAsym_desc-preproc_bold.nii.gz",1,"440138"
"218","/bgfs/adombrovski/DNPL_DataMesh/Data/EXP/data_fmriprep/fmriprep/sub-440138/func/nfas-sub-440138_task-clockRev_run-2_space-MNI152NLin2009cAsym_desc-preproc_bold.nii.gz",2,"440138"
"219","/bgfs/adombrovski/DNPL_DataMesh/Data/EXP/data_fmriprep/fmriprep/sub-440149/func/nfas-sub-440149_task-clockRev_run-1_space-MNI152NLin2009cAsym_desc-preproc_bold.nii.gz",1,"440149"
"220","/bgfs/adombrovski/DNPL_DataMesh/Data/EXP/data_fmriprep/fmriprep/sub-440149/func/nfas-sub-440149_task-clockRev_run-2_space-MNI152NLin2009cAsym_desc-preproc_bold.nii.gz",2,"440149"
"221","/bgfs/adombrovski/DNPL_DataMesh/Data/EXP/data_fmriprep/fmriprep/sub-440165/func/nfas-sub-440165_task-clockRev_run-1_space-MNI152NLin2009cAsym_desc-preproc_bold.nii.gz",1,"440165"
"222","/bgfs/adombrovski/DNPL_DataMesh/Data/EXP/data_fmriprep/fmriprep/sub-440165/func/nfas-sub-440165_task-clockRev_run-2_space-MNI152NLin2009cAsym_desc-preproc_bold.nii.gz",2,"440165"
"223","/bgfs/adombrovski/DNPL_DataMesh/Data/EXP/data_fmriprep/fmriprep/sub-440166/func/nfas-sub-440166_task-clockRev_run-1_space-MNI152NLin2009cAsym_desc-preproc_bold.nii.gz",1,"440166"
"224","/bgfs/adombrovski/DNPL_DataMesh/Data/EXP/data_fmriprep/fmriprep/sub-440166/func/nfas-sub-440166_task-clockRev_run-2_space-MNI152NLin2009cAsym_desc-preproc_bold.nii.gz",2,"440166"
"225","/bgfs/adombrovski/DNPL_DataMesh/Data/EXP/data_fmriprep/fmriprep/sub-440181/func/nfas-sub-440181_task-clockRev_run-1_space-MNI152NLin2009cAsym_desc-preproc_bold.nii.gz",1,"440181"
"226","/bgfs/adombrovski/DNPL_DataMesh/Data/EXP/data_fmriprep/fmriprep/sub-440181/func/nfas-sub-440181_task-clockRev_run-2_space-MNI152NLin2009cAsym_desc-preproc_bold.nii.gz",2,"440181"
"227","/bgfs/adombrovski/DNPL_DataMesh/Data/EXP/data_fmriprep/fmriprep/sub-440182/func/nfas-sub-440182_task-clockRev_run-1_space-MNI152NLin2009cAsym_desc-preproc_bold.nii.gz",1,"440182"
"228","/bgfs/adombrovski/DNPL_DataMesh/Data/EXP/data_fmriprep/fmriprep/sub-440182/func/nfas-sub-440182_task-clockRev_run-2_space-MNI152NLin2009cAsym_desc-preproc_bold.nii.gz",2,"440182"
"229","/bgfs/adombrovski/DNPL_DataMesh/Data/EXP/data_fmriprep/fmriprep/sub-440184/func/nfas-sub-440184_task-clockRev_run-1_space-MNI152NLin2009cAsym_desc-preproc_bold.nii.gz",1,"440184"
"230","/bgfs/adombrovski/DNPL_DataMesh/Data/EXP/data_fmriprep/fmriprep/sub-440184/func/nfas-sub-440184_task-clockRev_run-2_space-MNI152NLin2009cAsym_desc-preproc_bold.nii.gz",2,"440184"
"231","/bgfs/adombrovski/DNPL_DataMesh/Data/EXP/data_fmriprep/fmriprep/sub-440196/func/nfas-sub-440196_task-clockRev_run-1_space-MNI152NLin2009cAsym_desc-preproc_bold.nii.gz",1,"440196"
"232","/bgfs/adombrovski/DNPL_DataMesh/Data/EXP/data_fmriprep/fmriprep/sub-440196/func/nfas-sub-440196_task-clockRev_run-2_space-MNI152NLin2009cAsym_desc-preproc_bold.nii.gz",2,"440196"
"233","/bgfs/adombrovski/DNPL_DataMesh/Data/EXP/data_fmriprep/fmriprep/sub-440199/func/nfas-sub-440199_task-clockRev_run-1_space-MNI152NLin2009cAsym_desc-preproc_bold.nii.gz",1,"440199"
"234","/bgfs/adombrovski/DNPL_DataMesh/Data/EXP/data_fmriprep/fmriprep/sub-440199/func/nfas-sub-440199_task-clockRev_run-2_space-MNI152NLin2009cAsym_desc-preproc_bold.nii.gz",2,"440199"
"235","/bgfs/adombrovski/DNPL_DataMesh/Data/EXP/data_fmriprep/fmriprep/sub-440200/func/nfas-sub-440200_task-clockRev_run-1_space-MNI152NLin2009cAsym_desc-preproc_bold.nii.gz",1,"440200"
"236","/bgfs/adombrovski/DNPL_DataMesh/Data/EXP/data_fmriprep/fmriprep/sub-440200/func/nfas-sub-440200_task-clockRev_run-2_space-MNI152NLin2009cAsym_desc-preproc_bold.nii.gz",2,"440200"
"237","/bgfs/adombrovski/DNPL_DataMesh/Data/EXP/data_fmriprep/fmriprep/sub-440214/func/nfas-sub-440214_task-clockRev_run-1_space-MNI152NLin2009cAsym_desc-preproc_bold.nii.gz",1,"440214"
"238","/bgfs/adombrovski/DNPL_DataMesh/Data/EXP/data_fmriprep/fmriprep/sub-440214/func/nfas-sub-440214_task-clockRev_run-2_space-MNI152NLin2009cAsym_desc-preproc_bold.nii.gz",2,"440214"
"239","/bgfs/adombrovski/DNPL_DataMesh/Data/EXP/data_fmriprep/fmriprep/sub-440215/func/nfas-sub-440215_task-clockRev_run-1_space-MNI152NLin2009cAsym_desc-preproc_bold.nii.gz",1,"440215"
"240","/bgfs/adombrovski/DNPL_DataMesh/Data/EXP/data_fmriprep/fmriprep/sub-440215/func/nfas-sub-440215_task-clockRev_run-2_space-MNI152NLin2009cAsym_desc-preproc_bold.nii.gz",2,"440215"
"241","/bgfs/adombrovski/DNPL_DataMesh/Data/EXP/data_fmriprep/fmriprep/sub-440216/func/nfas-sub-440216_task-clockRev_run-1_space-MNI152NLin2009cAsym_desc-preproc_bold.nii.gz",1,"440216"
"242","/bgfs/adombrovski/DNPL_DataMesh/Data/EXP/data_fmriprep/fmriprep/sub-440216/func/nfas-sub-440216_task-clockRev_run-2_space-MNI152NLin2009cAsym_desc-preproc_bold.nii.gz",2,"440216"
"243","/bgfs/adombrovski/DNPL_DataMesh/Data/EXP/data_fmriprep/fmriprep/sub-440237/func/nfas-sub-440237_task-clockRev_run-1_space-MNI152NLin2009cAsym_desc-preproc_bold.nii.gz",1,"440237"
"244","/bgfs/adombrovski/DNPL_DataMesh/Data/EXP/data_fmriprep/fmriprep/sub-440237/func/nfas-sub-440237_task-clockRev_run-2_space-MNI152NLin2009cAsym_desc-preproc_bold.nii.gz",2,"440237"
"245","/bgfs/adombrovski/DNPL_DataMesh/Data/EXP/data_fmriprep/fmriprep/sub-440243/func/nfas-sub-440243_task-clockRev_run-1_space-MNI152NLin2009cAsym_desc-preproc_bold.nii.gz",1,"440243"
"246","/bgfs/adombrovski/DNPL_DataMesh/Data/EXP/data_fmriprep/fmriprep/sub-440243/func/nfas-sub-440243_task-clockRev_run-2_space-MNI152NLin2009cAsym_desc-preproc_bold.nii.gz",2,"440243"
"247","/bgfs/adombrovski/DNPL_DataMesh/Data/EXP/data_fmriprep/fmriprep/sub-440247/func/nfas-sub-440247_task-clockRev_run-1_space-MNI152NLin2009cAsym_desc-preproc_bold.nii.gz",1,"440247"
"248","/bgfs/adombrovski/DNPL_DataMesh/Data/EXP/data_fmriprep/fmriprep/sub-440247/func/nfas-sub-440247_task-clockRev_run-2_space-MNI152NLin2009cAsym_desc-preproc_bold.nii.gz",2,"440247"
"249","/bgfs/adombrovski/DNPL_DataMesh/Data/EXP/data_fmriprep/fmriprep/sub-440254/func/nfas-sub-440254_task-clockRev_run-1_space-MNI152NLin2009cAsym_desc-preproc_bold.nii.gz",1,"440254"
"250","/bgfs/adombrovski/DNPL_DataMesh/Data/EXP/data_fmriprep/fmriprep/sub-440254/func/nfas-sub-440254_task-clockRev_run-2_space-MNI152NLin2009cAsym_desc-preproc_bold.nii.gz",2,"440254"
"251","/bgfs/adombrovski/DNPL_DataMesh/Data/EXP/data_fmriprep/fmriprep/sub-440263/func/nfas-sub-440263_task-clockRev_run-1_space-MNI152NLin2009cAsym_desc-preproc_bold.nii.gz",1,"440263"
"252","/bgfs/adombrovski/DNPL_DataMesh/Data/EXP/data_fmriprep/fmriprep/sub-440263/func/nfas-sub-440263_task-clockRev_run-2_space-MNI152NLin2009cAsym_desc-preproc_bold.nii.gz",2,"440263"
"253","/bgfs/adombrovski/DNPL_DataMesh/Data/EXP/data_fmriprep/fmriprep/sub-440266/func/nfas-sub-440266_task-clockRev_run-1_space-MNI152NLin2009cAsym_desc-preproc_bold.nii.gz",1,"440266"
"254","/bgfs/adombrovski/DNPL_DataMesh/Data/EXP/data_fmriprep/fmriprep/sub-440266/func/nfas-sub-440266_task-clockRev_run-2_space-MNI152NLin2009cAsym_desc-preproc_bold.nii.gz",2,"440266"
"255","/bgfs/adombrovski/DNPL_DataMesh/Data/EXP/data_fmriprep/fmriprep/sub-440292/func/nfas-sub-440292_task-clockRev_run-1_space-MNI152NLin2009cAsym_desc-preproc_bold.nii.gz",1,"440292"
"256","/bgfs/adombrovski/DNPL_DataMesh/Data/EXP/data_fmriprep/fmriprep/sub-440292/func/nfas-sub-440292_task-clockRev_run-2_space-MNI152NLin2009cAsym_desc-preproc_bold.nii.gz",2,"440292"
"257","/bgfs/adombrovski/DNPL_DataMesh/Data/EXP/data_fmriprep/fmriprep/sub-440295/func/nfas-sub-440295_task-clockRev_run-1_space-MNI152NLin2009cAsym_desc-preproc_bold.nii.gz",1,"440295"
"258","/bgfs/adombrovski/DNPL_DataMesh/Data/EXP/data_fmriprep/fmriprep/sub-440295/func/nfas-sub-440295_task-clockRev_run-2_space-MNI152NLin2009cAsym_desc-preproc_bold.nii.gz",2,"440295"
"259","/bgfs/adombrovski/DNPL_DataMesh/Data/EXP/data_fmriprep/fmriprep/sub-440301/func/nfas-sub-440301_task-clockRev_run-1_space-MNI152NLin2009cAsym_desc-preproc_bold.nii.gz",1,"440301"
"260","/bgfs/adombrovski/DNPL_DataMesh/Data/EXP/data_fmriprep/fmriprep/sub-440301/func/nfas-sub-440301_task-clockRev_run-2_space-MNI152NLin2009cAsym_desc-preproc_bold.nii.gz",2,"440301"
"261","/bgfs/adombrovski/DNPL_DataMesh/Data/EXP/data_fmriprep/fmriprep/sub-440307/func/nfas-sub-440307_task-clockRev_run-1_space-MNI152NLin2009cAsym_desc-preproc_bold.nii.gz",1,"440307"
"262","/bgfs/adombrovski/DNPL_DataMesh/Data/EXP/data_fmriprep/fmriprep/sub-440307/func/nfas-sub-440307_task-clockRev_run-2_space-MNI152NLin2009cAsym_desc-preproc_bold.nii.gz",2,"440307"
"263","/bgfs/adombrovski/DNPL_DataMesh/Data/EXP/data_fmriprep/fmriprep/sub-440311/func/nfas-sub-440311_task-clockRev_run-1_space-MNI152NLin2009cAsym_desc-preproc_bold.nii.gz",1,"440311"
"264","/bgfs/adombrovski/DNPL_DataMesh/Data/EXP/data_fmriprep/fmriprep/sub-440311/func/nfas-sub-440311_task-clockRev_run-2_space-MNI152NLin2009cAsym_desc-preproc_bold.nii.gz",2,"440311"
"265","/bgfs/adombrovski/DNPL_DataMesh/Data/EXP/data_fmriprep/fmriprep/sub-440323/func/nfas-sub-440323_task-clockRev_run-1_space-MNI152NLin2009cAsym_desc-preproc_bold.nii.gz",1,"440323"
"266","/bgfs/adombrovski/DNPL_DataMesh/Data/EXP/data_fmriprep/fmriprep/sub-440323/func/nfas-sub-440323_task-clockRev_run-2_space-MNI152NLin2009cAsym_desc-preproc_bold.nii.gz",2,"440323"
"267","/bgfs/adombrovski/DNPL_DataMesh/Data/EXP/data_fmriprep/fmriprep/sub-440329/func/nfas-sub-440329_task-clockRev_run-1_space-MNI152NLin2009cAsym_desc-preproc_bold.nii.gz",1,"440329"
"268","/bgfs/adombrovski/DNPL_DataMesh/Data/EXP/data_fmriprep/fmriprep/sub-440329/func/nfas-sub-440329_task-clockRev_run-2_space-MNI152NLin2009cAsym_desc-preproc_bold.nii.gz",2,"440329"
"269","/bgfs/adombrovski/DNPL_DataMesh/Data/EXP/data_fmriprep/fmriprep/sub-440330/func/nfas-sub-440330_task-clockRev_run-1_space-MNI152NLin2009cAsym_desc-preproc_bold.nii.gz",1,"440330"
"270","/bgfs/adombrovski/DNPL_DataMesh/Data/EXP/data_fmriprep/fmriprep/sub-440330/func/nfas-sub-440330_task-clockRev_run-2_space-MNI152NLin2009cAsym_desc-preproc_bold.nii.gz",2,"440330"
"271","/bgfs/adombrovski/DNPL_DataMesh/Data/EXP/data_fmriprep/fmriprep/sub-440335/func/nfas-sub-440335_task-clockRev_run-1_space-MNI152NLin2009cAsym_desc-preproc_bold.nii.gz",1,"440335"
"272","/bgfs/adombrovski/DNPL_DataMesh/Data/EXP/data_fmriprep/fmriprep/sub-440335/func/nfas-sub-440335_task-clockRev_run-2_space-MNI152NLin2009cAsym_desc-preproc_bold.nii.gz",2,"440335"
"273","/bgfs/adombrovski/DNPL_DataMesh/Data/EXP/data_fmriprep/fmriprep/sub-440336/func/nfas-sub-440336_task-clockRev_run-1_space-MNI152NLin2009cAsym_desc-preproc_bold.nii.gz",1,"440336"
"274","/bgfs/adombrovski/DNPL_DataMesh/Data/EXP/data_fmriprep/fmriprep/sub-440336/func/nfas-sub-440336_task-clockRev_run-2_space-MNI152NLin2009cAsym_desc-preproc_bold.nii.gz",2,"440336"
"275","/bgfs/adombrovski/DNPL_DataMesh/Data/EXP/data_fmriprep/fmriprep/sub-440337/func/nfas-sub-440337_task-clockRev_run-1_space-MNI152NLin2009cAsym_desc-preproc_bold.nii.gz",1,"440337"
"276","/bgfs/adombrovski/DNPL_DataMesh/Data/EXP/data_fmriprep/fmriprep/sub-440337/func/nfas-sub-440337_task-clockRev_run-2_space-MNI152NLin2009cAsym_desc-preproc_bold.nii.gz",2,"440337"
"277","/bgfs/adombrovski/DNPL_DataMesh/Data/EXP/data_fmriprep/fmriprep/sub-440340/func/nfas-sub-440340_task-clockRev_run-1_space-MNI152NLin2009cAsym_desc-preproc_bold.nii.gz",1,"440340"
"278","/bgfs/adombrovski/DNPL_DataMesh/Data/EXP/data_fmriprep/fmriprep/sub-440340/func/nfas-sub-440340_task-clockRev_run-2_space-MNI152NLin2009cAsym_desc-preproc_bold.nii.gz",2,"440340"
"279","/bgfs/adombrovski/DNPL_DataMesh/Data/EXP/data_fmriprep/fmriprep/sub-440355/func/nfas-sub-440355_task-clockRev_run-1_space-MNI152NLin2009cAsym_desc-preproc_bold.nii.gz",1,"440355"
"280","/bgfs/adombrovski/DNPL_DataMesh/Data/EXP/data_fmriprep/fmriprep/sub-440355/func/nfas-sub-440355_task-clockRev_run-2_space-MNI152NLin2009cAsym_desc-preproc_bold.nii.gz",2,"440355"
"281","/bgfs/adombrovski/DNPL_DataMesh/Data/EXP/data_fmriprep/fmriprep/sub-440359/func/nfas-sub-440359_task-clockRev_run-1_space-MNI152NLin2009cAsym_desc-preproc_bold.nii.gz",1,"440359"
"282","/bgfs/adombrovski/DNPL_DataMesh/Data/EXP/data_fmriprep/fmriprep/sub-440359/func/nfas-sub-440359_task-clockRev_run-2_space-MNI152NLin2009cAsym_desc-preproc_bold.nii.gz",2,"440359"
"283","/bgfs/adombrovski/DNPL_DataMesh/Data/EXP/data_fmriprep/fmriprep/sub-440361/func/nfas-sub-440361_task-clockRev_run-1_space-MNI152NLin2009cAsym_desc-preproc_bold.nii.gz",1,"440361"
"284","/bgfs/adombrovski/DNPL_DataMesh/Data/EXP/data_fmriprep/fmriprep/sub-440361/func/nfas-sub-440361_task-clockRev_run-2_space-MNI152NLin2009cAsym_desc-preproc_bold.nii.gz",2,"440361"
"285","/bgfs/adombrovski/DNPL_DataMesh/Data/EXP/data_fmriprep/fmriprep/sub-440368/func/nfas-sub-440368_task-clockRev_run-1_space-MNI152NLin2009cAsym_desc-preproc_bold.nii.gz",1,"440368"
"286","/bgfs/adombrovski/DNPL_DataMesh/Data/EXP/data_fmriprep/fmriprep/sub-440368/func/nfas-sub-440368_task-clockRev_run-2_space-MNI152NLin2009cAsym_desc-preproc_bold.nii.gz",2,"440368"
"287","/bgfs/adombrovski/DNPL_DataMesh/Data/EXP/data_fmriprep/fmriprep/sub-440392/func/nfas-sub-440392_task-clockRev_run-1_space-MNI152NLin2009cAsym_desc-preproc_bold.nii.gz",1,"440392"
"288","/bgfs/adombrovski/DNPL_DataMesh/Data/EXP/data_fmriprep/fmriprep/sub-440392/func/nfas-sub-440392_task-clockRev_run-2_space-MNI152NLin2009cAsym_desc-preproc_bold.nii.gz",2,"440392"
"289","/bgfs/adombrovski/DNPL_DataMesh/Data/EXP/data_fmriprep/fmriprep/sub-440393/func/nfas-sub-440393_task-clockRev_run-1_space-MNI152NLin2009cAsym_desc-preproc_bold.nii.gz",1,"440393"
"290","/bgfs/adombrovski/DNPL_DataMesh/Data/EXP/data_fmriprep/fmriprep/sub-440393/func/nfas-sub-440393_task-clockRev_run-2_space-MNI152NLin2009cAsym_desc-preproc_bold.nii.gz",2,"440393"
"291","/bgfs/adombrovski/DNPL_DataMesh/Data/EXP/data_fmriprep/fmriprep/sub-440423/func/nfas-sub-440423_task-clockRev_run-1_space-MNI152NLin2009cAsym_desc-preproc_bold.nii.gz",1,"440423"
"292","/bgfs/adombrovski/DNPL_DataMesh/Data/EXP/data_fmriprep/fmriprep/sub-440423/func/nfas-sub-440423_task-clockRev_run-2_space-MNI152NLin2009cAsym_desc-preproc_bold.nii.gz",2,"440423"
"293","/bgfs/adombrovski/DNPL_DataMesh/Data/EXP/data_fmriprep/fmriprep/sub-881224/func/nfas-sub-881224_task-clockRev_run-1_space-MNI152NLin2009cAsym_desc-preproc_bold.nii.gz",1,"881224"
"294","/bgfs/adombrovski/DNPL_DataMesh/Data/EXP/data_fmriprep/fmriprep/sub-881224/func/nfas-sub-881224_task-clockRev_run-2_space-MNI152NLin2009cAsym_desc-preproc_bold.nii.gz",2,"881224"
"295","/bgfs/adombrovski/DNPL_DataMesh/Data/EXP/data_fmriprep/fmriprep/sub-881230/func/nfas-sub-881230_task-clockRev_run-1_space-MNI152NLin2009cAsym_desc-preproc_bold.nii.gz",1,"881230"
"296","/bgfs/adombrovski/DNPL_DataMesh/Data/EXP/data_fmriprep/fmriprep/sub-881230/func/nfas-sub-881230_task-clockRev_run-2_space-MNI152NLin2009cAsym_desc-preproc_bold.nii.gz",2,"881230"
