"","id","run","nifti"
"1",202200,1,"nfas-sub-202200_task-clockRev_run-1_space-MNI152NLin2009cAsym_desc-preproc_bold.nii.gz"
"2",202200,2,"nfas-sub-202200_task-clockRev_run-2_space-MNI152NLin2009cAsym_desc-preproc_bold.nii.gz"
"3",202278,1,"nfas-sub-202278_task-clockRev_run-1_space-MNI152NLin2009cAsym_desc-preproc_bold.nii.gz"
"4",202278,2,"nfas-sub-202278_task-clockRev_run-2_space-MNI152NLin2009cAsym_desc-preproc_bold.nii.gz"
"5",202735,1,"nfas-sub-202735_task-clockRev_run-1_space-MNI152NLin2009cAsym_desc-preproc_bold.nii.gz"
"6",202735,2,"nfas-sub-202735_task-clockRev_run-2_space-MNI152NLin2009cAsym_desc-preproc_bold.nii.gz"
"7",204015,1,"nfas-sub-204015_task-clockRev_run-1_space-MNI152NLin2009cAsym_desc-preproc_bold.nii.gz"
"8",204015,2,"nfas-sub-204015_task-clockRev_run-2_space-MNI152NLin2009cAsym_desc-preproc_bold.nii.gz"
"9",207224,1,"nfas-sub-207224_task-clockRev_run-1_space-MNI152NLin2009cAsym_desc-preproc_bold.nii.gz"
"10",207224,2,"nfas-sub-207224_task-clockRev_run-2_space-MNI152NLin2009cAsym_desc-preproc_bold.nii.gz"
"11",208572,1,"nfas-sub-208572_task-clockRev_run-1_space-MNI152NLin2009cAsym_desc-preproc_bold.nii.gz"
"12",208572,2,"nfas-sub-208572_task-clockRev_run-2_space-MNI152NLin2009cAsym_desc-preproc_bold.nii.gz"
"13",210100,1,"nfas-sub-210100_task-clockRev_run-1_space-MNI152NLin2009cAsym_desc-preproc_bold.nii.gz"
"14",210100,2,"nfas-sub-210100_task-clockRev_run-2_space-MNI152NLin2009cAsym_desc-preproc_bold.nii.gz"
"15",210290,1,"nfas-sub-210290_task-clockRev_run-1_space-MNI152NLin2009cAsym_desc-preproc_bold.nii.gz"
"16",210290,2,"nfas-sub-210290_task-clockRev_run-2_space-MNI152NLin2009cAsym_desc-preproc_bold.nii.gz"
"17",210374,1,"nfas-sub-210374_task-clockRev_run-1_space-MNI152NLin2009cAsym_desc-preproc_bold.nii.gz"
"18",210374,2,"nfas-sub-210374_task-clockRev_run-2_space-MNI152NLin2009cAsym_desc-preproc_bold.nii.gz"
"19",210701,1,"nfas-sub-210701_task-clockRev_run-1_space-MNI152NLin2009cAsym_desc-preproc_bold.nii.gz"
"20",210701,2,"nfas-sub-210701_task-clockRev_run-2_space-MNI152NLin2009cAsym_desc-preproc_bold.nii.gz"
"21",211038,1,"nfas-sub-211038_task-clockRev_run-1_space-MNI152NLin2009cAsym_desc-preproc_bold.nii.gz"
"22",211038,2,"nfas-sub-211038_task-clockRev_run-2_space-MNI152NLin2009cAsym_desc-preproc_bold.nii.gz"
"23",211101,1,"nfas-sub-211101_task-clockRev_run-1_space-MNI152NLin2009cAsym_desc-preproc_bold.nii.gz"
"24",211101,2,NA
"25",211253,1,"nfas-sub-211253_task-clockRev_run-1_space-MNI152NLin2009cAsym_desc-preproc_bold.nii.gz"
"26",211253,2,"nfas-sub-211253_task-clockRev_run-2_space-MNI152NLin2009cAsym_desc-preproc_bold.nii.gz"
"27",211274,1,"nfas-sub-211274_task-clockRev_run-1_space-MNI152NLin2009cAsym_desc-preproc_bold.nii.gz"
"28",211274,2,"nfas-sub-211274_task-clockRev_run-2_space-MNI152NLin2009cAsym_desc-preproc_bold.nii.gz"
"29",211669,1,"nfas-sub-211669_task-clockRev_run-1_space-MNI152NLin2009cAsym_desc-preproc_bold.nii.gz"
"30",211669,2,"nfas-sub-211669_task-clockRev_run-2_space-MNI152NLin2009cAsym_desc-preproc_bold.nii.gz"
"31",212019,1,"nfas-sub-212019_task-clockRev_run-1_space-MNI152NLin2009cAsym_desc-preproc_bold.nii.gz"
"32",212019,2,"nfas-sub-212019_task-clockRev_run-2_space-MNI152NLin2009cAsym_desc-preproc_bold.nii.gz"
"33",212020,1,"nfas-sub-212020_task-clockRev_run-1_space-MNI152NLin2009cAsym_desc-preproc_bold.nii.gz"
"34",212020,2,"nfas-sub-212020_task-clockRev_run-2_space-MNI152NLin2009cAsym_desc-preproc_bold.nii.gz"
"35",212794,1,"nfas-sub-212794_task-clockRev_run-1_space-MNI152NLin2009cAsym_desc-preproc_bold.nii.gz"
"36",212794,2,"nfas-sub-212794_task-clockRev_run-2_space-MNI152NLin2009cAsym_desc-preproc_bold.nii.gz"
"37",212856,1,"nfas-sub-212856_task-clockRev_run-1_space-MNI152NLin2009cAsym_desc-preproc_bold.nii.gz"
"38",212856,2,"nfas-sub-212856_task-clockRev_run-2_space-MNI152NLin2009cAsym_desc-preproc_bold.nii.gz"
"39",212857,1,"nfas-sub-212857_task-clockRev_run-1_space-MNI152NLin2009cAsym_desc-preproc_bold.nii.gz"
"40",212857,2,"nfas-sub-212857_task-clockRev_run-2_space-MNI152NLin2009cAsym_desc-preproc_bold.nii.gz"
"41",213163,1,"nfas-sub-213163_task-clockRev_run-1_space-MNI152NLin2009cAsym_desc-preproc_bold.nii.gz"
"42",213163,2,NA
"43",213704,1,"nfas-sub-213704_task-clockRev_run-1_space-MNI152NLin2009cAsym_desc-preproc_bold.nii.gz"
"44",213704,2,"nfas-sub-213704_task-clockRev_run-2_space-MNI152NLin2009cAsym_desc-preproc_bold.nii.gz"
"45",213708,1,"nfas-sub-213708_task-clockRev_run-1_space-MNI152NLin2009cAsym_desc-preproc_bold.nii.gz"
"46",213708,2,"nfas-sub-213708_task-clockRev_run-2_space-MNI152NLin2009cAsym_desc-preproc_bold.nii.gz"
"47",215211,1,"nfas-sub-215211_task-clockRev_run-1_space-MNI152NLin2009cAsym_desc-preproc_bold.nii.gz"
"48",215211,2,"nfas-sub-215211_task-clockRev_run-2_space-MNI152NLin2009cAsym_desc-preproc_bold.nii.gz"
"49",215537,1,"nfas-sub-215537_task-clockRev_run-1_space-MNI152NLin2009cAsym_desc-preproc_bold.nii.gz"
"50",215537,2,"nfas-sub-215537_task-clockRev_run-2_space-MNI152NLin2009cAsym_desc-preproc_bold.nii.gz"
"51",215622,1,"nfas-sub-215622_task-clockRev_run-1_space-MNI152NLin2009cAsym_desc-preproc_bold.nii.gz"
"52",215622,2,"nfas-sub-215622_task-clockRev_run-2_space-MNI152NLin2009cAsym_desc-preproc_bold.nii.gz"
"53",216011,1,"nfas-sub-216011_task-clockRev_run-1_space-MNI152NLin2009cAsym_desc-preproc_bold.nii.gz"
"54",216011,2,"nfas-sub-216011_task-clockRev_run-2_space-MNI152NLin2009cAsym_desc-preproc_bold.nii.gz"
"55",216028,1,"nfas-sub-216028_task-clockRev_run-1_space-MNI152NLin2009cAsym_desc-preproc_bold.nii.gz"
"56",216028,2,"nfas-sub-216028_task-clockRev_run-2_space-MNI152NLin2009cAsym_desc-preproc_bold.nii.gz"
"57",216806,1,"nfas-sub-216806_task-clockRev_run-1_space-MNI152NLin2009cAsym_desc-preproc_bold.nii.gz"
"58",216806,2,"nfas-sub-216806_task-clockRev_run-2_space-MNI152NLin2009cAsym_desc-preproc_bold.nii.gz"
"59",216845,1,"nfas-sub-216845_task-clockRev_run-1_space-MNI152NLin2009cAsym_desc-preproc_bold.nii.gz"
"60",216845,2,"nfas-sub-216845_task-clockRev_run-2_space-MNI152NLin2009cAsym_desc-preproc_bold.nii.gz"
"61",217008,1,"nfas-sub-217008_task-clockRev_run-1_space-MNI152NLin2009cAsym_desc-preproc_bold.nii.gz"
"62",217008,2,"nfas-sub-217008_task-clockRev_run-2_space-MNI152NLin2009cAsym_desc-preproc_bold.nii.gz"
"63",217173,1,"nfas-sub-217173_task-clockRev_run-1_space-MNI152NLin2009cAsym_desc-preproc_bold.nii.gz"
"64",217173,2,"nfas-sub-217173_task-clockRev_run-2_space-MNI152NLin2009cAsym_desc-preproc_bold.nii.gz"
"65",218219,1,"nfas-sub-218219_task-clockRev_run-1_space-MNI152NLin2009cAsym_desc-preproc_bold.nii.gz"
"66",218219,2,"nfas-sub-218219_task-clockRev_run-2_space-MNI152NLin2009cAsym_desc-preproc_bold.nii.gz"
"67",218572,1,"nfas-sub-218572_task-clockRev_run-1_space-MNI152NLin2009cAsym_desc-preproc_bold.nii.gz"
"68",218572,2,"nfas-sub-218572_task-clockRev_run-2_space-MNI152NLin2009cAsym_desc-preproc_bold.nii.gz"
"69",219044,1,"nfas-sub-219044_task-clockRev_run-1_space-MNI152NLin2009cAsym_desc-preproc_bold.nii.gz"
"70",219044,2,"nfas-sub-219044_task-clockRev_run-2_space-MNI152NLin2009cAsym_desc-preproc_bold.nii.gz"
"71",219089,1,"nfas-sub-219089_task-clockRev_run-1_space-MNI152NLin2009cAsym_desc-preproc_bold.nii.gz"
"72",219089,2,"nfas-sub-219089_task-clockRev_run-2_space-MNI152NLin2009cAsym_desc-preproc_bold.nii.gz"
"73",219392,1,"nfas-sub-219392_task-clockRev_run-1_space-MNI152NLin2009cAsym_desc-preproc_bold.nii.gz"
"74",219392,2,"nfas-sub-219392_task-clockRev_run-2_space-MNI152NLin2009cAsym_desc-preproc_bold.nii.gz"
"75",219658,1,"nfas-sub-219658_task-clockRev_run-1_space-MNI152NLin2009cAsym_desc-preproc_bold.nii.gz"
"76",219658,2,"nfas-sub-219658_task-clockRev_run-2_space-MNI152NLin2009cAsym_desc-preproc_bold.nii.gz"
"77",219676,1,"nfas-sub-219676_task-clockRev_run-1_space-MNI152NLin2009cAsym_desc-preproc_bold.nii.gz"
"78",219676,2,"nfas-sub-219676_task-clockRev_run-2_space-MNI152NLin2009cAsym_desc-preproc_bold.nii.gz"
"79",219944,1,"nfas-sub-219944_task-clockRev_run-1_space-MNI152NLin2009cAsym_desc-preproc_bold.nii.gz"
"80",219944,2,"nfas-sub-219944_task-clockRev_run-2_space-MNI152NLin2009cAsym_desc-preproc_bold.nii.gz"
"81",219949,1,"nfas-sub-219949_task-clockRev_run-1_space-MNI152NLin2009cAsym_desc-preproc_bold.nii.gz"
"82",219949,2,NA
"83",219954,1,"nfas-sub-219954_task-clockRev_run-1_space-MNI152NLin2009cAsym_desc-preproc_bold.nii.gz"
"84",219954,2,"nfas-sub-219954_task-clockRev_run-2_space-MNI152NLin2009cAsym_desc-preproc_bold.nii.gz"
"85",220024,1,"nfas-sub-220024_task-clockRev_run-1_space-MNI152NLin2009cAsym_desc-preproc_bold.nii.gz"
"86",220024,2,"nfas-sub-220024_task-clockRev_run-2_space-MNI152NLin2009cAsym_desc-preproc_bold.nii.gz"
"87",220043,1,"nfas-sub-220043_task-clockRev_run-1_space-MNI152NLin2009cAsym_desc-preproc_bold.nii.gz"
"88",220043,2,"nfas-sub-220043_task-clockRev_run-2_space-MNI152NLin2009cAsym_desc-preproc_bold.nii.gz"
"89",220104,1,"nfas-sub-220104_task-clockRev_run-1_space-MNI152NLin2009cAsym_desc-preproc_bold.nii.gz"
"90",220104,2,"nfas-sub-220104_task-clockRev_run-2_space-MNI152NLin2009cAsym_desc-preproc_bold.nii.gz"
"91",220152,1,"nfas-sub-220152_task-clockRev_run-1_space-MNI152NLin2009cAsym_desc-preproc_bold.nii.gz"
"92",220152,2,"nfas-sub-220152_task-clockRev_run-2_space-MNI152NLin2009cAsym_desc-preproc_bold.nii.gz"
"93",220184,1,"nfas-sub-220184_task-clockRev_run-1_space-MNI152NLin2009cAsym_desc-preproc_bold.nii.gz"
"94",220184,2,"nfas-sub-220184_task-clockRev_run-2_space-MNI152NLin2009cAsym_desc-preproc_bold.nii.gz"
"95",220186,1,"nfas-sub-220186_task-clockRev_run-1_space-MNI152NLin2009cAsym_desc-preproc_bold.nii.gz"
"96",220186,2,"nfas-sub-220186_task-clockRev_run-2_space-MNI152NLin2009cAsym_desc-preproc_bold.nii.gz"
"97",220244,1,"nfas-sub-220244_task-clockRev_run-1_space-MNI152NLin2009cAsym_desc-preproc_bold.nii.gz"
"98",220244,2,"nfas-sub-220244_task-clockRev_run-2_space-MNI152NLin2009cAsym_desc-preproc_bold.nii.gz"
"99",220299,1,"nfas-sub-220299_task-clockRev_run-1_space-MNI152NLin2009cAsym_desc-preproc_bold.nii.gz"
"100",220299,2,"nfas-sub-220299_task-clockRev_run-2_space-MNI152NLin2009cAsym_desc-preproc_bold.nii.gz"
"101",220513,1,"nfas-sub-220513_task-clockRev_run-1_space-MNI152NLin2009cAsym_desc-preproc_bold.nii.gz"
"102",220513,2,"nfas-sub-220513_task-clockRev_run-2_space-MNI152NLin2009cAsym_desc-preproc_bold.nii.gz"
"103",220523,1,"nfas-sub-220523_task-clockRev_run-1_space-MNI152NLin2009cAsym_desc-preproc_bold.nii.gz"
"104",220523,2,"nfas-sub-220523_task-clockRev_run-2_space-MNI152NLin2009cAsym_desc-preproc_bold.nii.gz"
"105",220531,1,"nfas-sub-220531_task-clockRev_run-1_space-MNI152NLin2009cAsym_desc-preproc_bold.nii.gz"
"106",220531,2,"nfas-sub-220531_task-clockRev_run-2_space-MNI152NLin2009cAsym_desc-preproc_bold.nii.gz"
"107",220566,1,"nfas-sub-220566_task-clockRev_run-1_space-MNI152NLin2009cAsym_desc-preproc_bold.nii.gz"
"108",220566,2,"nfas-sub-220566_task-clockRev_run-2_space-MNI152NLin2009cAsym_desc-preproc_bold.nii.gz"
"109",220597,1,"nfas-sub-220597_task-clockRev_run-1_space-MNI152NLin2009cAsym_desc-preproc_bold.nii.gz"
"110",220597,2,"nfas-sub-220597_task-clockRev_run-2_space-MNI152NLin2009cAsym_desc-preproc_bold.nii.gz"
"111",220649,1,"nfas-sub-220649_task-clockRev_run-1_space-MNI152NLin2009cAsym_desc-preproc_bold.nii.gz"
"112",220649,2,"nfas-sub-220649_task-clockRev_run-2_space-MNI152NLin2009cAsym_desc-preproc_bold.nii.gz"
"113",220740,1,"nfas-sub-220740_task-clockRev_run-1_space-MNI152NLin2009cAsym_desc-preproc_bold.nii.gz"
"114",220740,2,"nfas-sub-220740_task-clockRev_run-2_space-MNI152NLin2009cAsym_desc-preproc_bold.nii.gz"
"115",220758,1,"nfas-sub-220758_task-clockRev_run-1_space-MNI152NLin2009cAsym_desc-preproc_bold.nii.gz"
"116",220758,2,"nfas-sub-220758_task-clockRev_run-2_space-MNI152NLin2009cAsym_desc-preproc_bold.nii.gz"
"117",220796,1,"nfas-sub-220796_task-clockRev_run-1_space-MNI152NLin2009cAsym_desc-preproc_bold.nii.gz"
"118",220796,2,"nfas-sub-220796_task-clockRev_run-2_space-MNI152NLin2009cAsym_desc-preproc_bold.nii.gz"
"119",220865,1,"nfas-sub-220865_task-clockRev_run-1_space-MNI152NLin2009cAsym_desc-preproc_bold.nii.gz"
"120",220865,2,"nfas-sub-220865_task-clockRev_run-2_space-MNI152NLin2009cAsym_desc-preproc_bold.nii.gz"
"121",220889,1,"nfas-sub-220889_task-clockRev_run-1_space-MNI152NLin2009cAsym_desc-preproc_bold.nii.gz"
"122",220889,2,"nfas-sub-220889_task-clockRev_run-2_space-MNI152NLin2009cAsym_desc-preproc_bold.nii.gz"
"123",220913,1,"nfas-sub-220913_task-clockRev_run-1_space-MNI152NLin2009cAsym_desc-preproc_bold.nii.gz"
"124",220913,2,"nfas-sub-220913_task-clockRev_run-2_space-MNI152NLin2009cAsym_desc-preproc_bold.nii.gz"
"125",220914,1,"nfas-sub-220914_task-clockRev_run-1_space-MNI152NLin2009cAsym_desc-preproc_bold.nii.gz"
"126",220914,2,"nfas-sub-220914_task-clockRev_run-2_space-MNI152NLin2009cAsym_desc-preproc_bold.nii.gz"
"127",220927,1,"nfas-sub-220927_task-clockRev_run-1_space-MNI152NLin2009cAsym_desc-preproc_bold.nii.gz"
"128",220927,2,"nfas-sub-220927_task-clockRev_run-2_space-MNI152NLin2009cAsym_desc-preproc_bold.nii.gz"
"129",220947,1,"nfas-sub-220947_task-clockRev_run-1_space-MNI152NLin2009cAsym_desc-preproc_bold.nii.gz"
"130",220947,2,"nfas-sub-220947_task-clockRev_run-2_space-MNI152NLin2009cAsym_desc-preproc_bold.nii.gz"
"131",220963,1,"nfas-sub-220963_task-clockRev_run-1_space-MNI152NLin2009cAsym_desc-preproc_bold.nii.gz"
"132",220963,2,"nfas-sub-220963_task-clockRev_run-2_space-MNI152NLin2009cAsym_desc-preproc_bold.nii.gz"
"133",220976,1,"nfas-sub-220976_task-clockRev_run-1_space-MNI152NLin2009cAsym_desc-preproc_bold.nii.gz"
"134",220976,2,"nfas-sub-220976_task-clockRev_run-2_space-MNI152NLin2009cAsym_desc-preproc_bold.nii.gz"
"135",220989,1,"nfas-sub-220989_task-clockRev_run-1_space-MNI152NLin2009cAsym_desc-preproc_bold.nii.gz"
"136",220989,2,"nfas-sub-220989_task-clockRev_run-2_space-MNI152NLin2009cAsym_desc-preproc_bold.nii.gz"
"137",221018,1,"nfas-sub-221018_task-clockRev_run-1_space-MNI152NLin2009cAsym_desc-preproc_bold.nii.gz"
"138",221018,2,"nfas-sub-221018_task-clockRev_run-2_space-MNI152NLin2009cAsym_desc-preproc_bold.nii.gz"
"139",221036,1,"nfas-sub-221036_task-clockRev_run-1_space-MNI152NLin2009cAsym_desc-preproc_bold.nii.gz"
"140",221036,2,"nfas-sub-221036_task-clockRev_run-2_space-MNI152NLin2009cAsym_desc-preproc_bold.nii.gz"
"141",221050,1,"nfas-sub-221050_task-clockRev_run-1_space-MNI152NLin2009cAsym_desc-preproc_bold.nii.gz"
"142",221050,2,"nfas-sub-221050_task-clockRev_run-2_space-MNI152NLin2009cAsym_desc-preproc_bold.nii.gz"
"143",221080,1,"nfas-sub-221080_task-clockRev_run-1_space-MNI152NLin2009cAsym_desc-preproc_bold.nii.gz"
"144",221080,2,"nfas-sub-221080_task-clockRev_run-2_space-MNI152NLin2009cAsym_desc-preproc_bold.nii.gz"
"145",221085,1,"nfas-sub-221085_task-clockRev_run-1_space-MNI152NLin2009cAsym_desc-preproc_bold.nii.gz"
"146",221085,2,"nfas-sub-221085_task-clockRev_run-2_space-MNI152NLin2009cAsym_desc-preproc_bold.nii.gz"
"147",2211101,1,"nfas-sub-2211101_task-clockRev_run-1_space-MNI152NLin2009cAsym_desc-preproc_bold.nii.gz"
"148",2211101,2,NA
"149",221181,1,"nfas-sub-221181_task-clockRev_run-1_space-MNI152NLin2009cAsym_desc-preproc_bold.nii.gz"
"150",221181,2,"nfas-sub-221181_task-clockRev_run-2_space-MNI152NLin2009cAsym_desc-preproc_bold.nii.gz"
"151",221183,1,"nfas-sub-221183_task-clockRev_run-1_space-MNI152NLin2009cAsym_desc-preproc_bold.nii.gz"
"152",221183,2,"nfas-sub-221183_task-clockRev_run-2_space-MNI152NLin2009cAsym_desc-preproc_bold.nii.gz"
"153",221206,1,"nfas-sub-221206_task-clockRev_run-1_space-MNI152NLin2009cAsym_desc-preproc_bold.nii.gz"
"154",221206,2,"nfas-sub-221206_task-clockRev_run-2_space-MNI152NLin2009cAsym_desc-preproc_bold.nii.gz"
"155",221212,1,"nfas-sub-221212_task-clockRev_run-1_space-MNI152NLin2009cAsym_desc-preproc_bold.nii.gz"
"156",221212,2,"nfas-sub-221212_task-clockRev_run-2_space-MNI152NLin2009cAsym_desc-preproc_bold.nii.gz"
"157",221228,1,"nfas-sub-221228_task-clockRev_run-1_space-MNI152NLin2009cAsym_desc-preproc_bold.nii.gz"
"158",221228,2,"nfas-sub-221228_task-clockRev_run-2_space-MNI152NLin2009cAsym_desc-preproc_bold.nii.gz"
"159",221229,1,"nfas-sub-221229_task-clockRev_run-1_space-MNI152NLin2009cAsym_desc-preproc_bold.nii.gz"
"160",221229,2,"nfas-sub-221229_task-clockRev_run-2_space-MNI152NLin2009cAsym_desc-preproc_bold.nii.gz"
"161",221256,1,"nfas-sub-221256_task-clockRev_run-1_space-MNI152NLin2009cAsym_desc-preproc_bold.nii.gz"
"162",221256,2,"nfas-sub-221256_task-clockRev_run-2_space-MNI152NLin2009cAsym_desc-preproc_bold.nii.gz"
"163",221261,1,"nfas-sub-221261_task-clockRev_run-1_space-MNI152NLin2009cAsym_desc-preproc_bold.nii.gz"
"164",221261,2,"nfas-sub-221261_task-clockRev_run-2_space-MNI152NLin2009cAsym_desc-preproc_bold.nii.gz"
"165",221262,1,"nfas-sub-221262_task-clockRev_run-1_space-MNI152NLin2009cAsym_desc-preproc_bold.nii.gz"
"166",221262,2,"nfas-sub-221262_task-clockRev_run-2_space-MNI152NLin2009cAsym_desc-preproc_bold.nii.gz"
"167",221273,1,"nfas-sub-221273_task-clockRev_run-1_space-MNI152NLin2009cAsym_desc-preproc_bold.nii.gz"
"168",221273,2,"nfas-sub-221273_task-clockRev_run-2_space-MNI152NLin2009cAsym_desc-preproc_bold.nii.gz"
"169",221292,1,"nfas-sub-221292_task-clockRev_run-1_space-MNI152NLin2009cAsym_desc-preproc_bold.nii.gz"
"170",221292,2,"nfas-sub-221292_task-clockRev_run-2_space-MNI152NLin2009cAsym_desc-preproc_bold.nii.gz"
"171",221298,1,"nfas-sub-221298_task-clockRev_run-1_space-MNI152NLin2009cAsym_desc-preproc_bold.nii.gz"
"172",221298,2,"nfas-sub-221298_task-clockRev_run-2_space-MNI152NLin2009cAsym_desc-preproc_bold.nii.gz"
"173",221448,1,"nfas-sub-221448_task-clockRev_run-1_space-MNI152NLin2009cAsym_desc-preproc_bold.nii.gz"
"174",221448,2,"nfas-sub-221448_task-clockRev_run-2_space-MNI152NLin2009cAsym_desc-preproc_bold.nii.gz"
"175",221610,1,"nfas-sub-221610_task-clockRev_run-1_space-MNI152NLin2009cAsym_desc-preproc_bold.nii.gz"
"176",221610,2,"nfas-sub-221610_task-clockRev_run-2_space-MNI152NLin2009cAsym_desc-preproc_bold.nii.gz"
"177",221637,1,"nfas-sub-221637_task-clockRev_run-1_space-MNI152NLin2009cAsym_desc-preproc_bold.nii.gz"
"178",221637,2,"nfas-sub-221637_task-clockRev_run-2_space-MNI152NLin2009cAsym_desc-preproc_bold.nii.gz"
"179",221680,1,"nfas-sub-221680_task-clockRev_run-1_space-MNI152NLin2009cAsym_desc-preproc_bold.nii.gz"
"180",221680,2,"nfas-sub-221680_task-clockRev_run-2_space-MNI152NLin2009cAsym_desc-preproc_bold.nii.gz"
"181",221698,1,"nfas-sub-221698_task-clockRev_run-1_space-MNI152NLin2009cAsym_desc-preproc_bold.nii.gz"
"182",221698,2,"nfas-sub-221698_task-clockRev_run-2_space-MNI152NLin2009cAsym_desc-preproc_bold.nii.gz"
"183",221715,1,"nfas-sub-221715_task-clockRev_run-1_space-MNI152NLin2009cAsym_desc-preproc_bold.nii.gz"
"184",221715,2,"nfas-sub-221715_task-clockRev_run-2_space-MNI152NLin2009cAsym_desc-preproc_bold.nii.gz"
"185",221910,1,"nfas-sub-221910_task-clockRev_run-1_space-MNI152NLin2009cAsym_desc-preproc_bold.nii.gz"
"186",221910,2,"nfas-sub-221910_task-clockRev_run-2_space-MNI152NLin2009cAsym_desc-preproc_bold.nii.gz"
"187",221916,1,"nfas-sub-221916_task-clockRev_run-1_space-MNI152NLin2009cAsym_desc-preproc_bold.nii.gz"
"188",221916,2,"nfas-sub-221916_task-clockRev_run-2_space-MNI152NLin2009cAsym_desc-preproc_bold.nii.gz"
"189",222067,1,"nfas-sub-222067_task-clockRev_run-1_space-MNI152NLin2009cAsym_desc-preproc_bold.nii.gz"
"190",222067,2,"nfas-sub-222067_task-clockRev_run-2_space-MNI152NLin2009cAsym_desc-preproc_bold.nii.gz"
"191",222093,1,"nfas-sub-222093_task-clockRev_run-1_space-MNI152NLin2009cAsym_desc-preproc_bold.nii.gz"
"192",222093,2,"nfas-sub-222093_task-clockRev_run-2_space-MNI152NLin2009cAsym_desc-preproc_bold.nii.gz"
"193",222112,1,"nfas-sub-222112_task-clockRev_run-1_space-MNI152NLin2009cAsym_desc-preproc_bold.nii.gz"
"194",222112,2,"nfas-sub-222112_task-clockRev_run-2_space-MNI152NLin2009cAsym_desc-preproc_bold.nii.gz"
"195",222121,1,"nfas-sub-222121_task-clockRev_run-1_space-MNI152NLin2009cAsym_desc-preproc_bold.nii.gz"
"196",222121,2,"nfas-sub-222121_task-clockRev_run-2_space-MNI152NLin2009cAsym_desc-preproc_bold.nii.gz"
"197",35780,1,"nfas-sub-35780_task-clockRev_run-1_space-MNI152NLin2009cAsym_desc-preproc_bold.nii.gz"
"198",35780,2,"nfas-sub-35780_task-clockRev_run-2_space-MNI152NLin2009cAsym_desc-preproc_bold.nii.gz"
"199",37542,1,"nfas-sub-37542_task-clockRev_run-1_space-MNI152NLin2009cAsym_desc-preproc_bold.nii.gz"
"200",37542,2,"nfas-sub-37542_task-clockRev_run-2_space-MNI152NLin2009cAsym_desc-preproc_bold.nii.gz"
"201",431100,1,"nfas-sub-431100_task-clockRev_run-1_space-MNI152NLin2009cAsym_desc-preproc_bold.nii.gz"
"202",431100,2,"nfas-sub-431100_task-clockRev_run-2_space-MNI152NLin2009cAsym_desc-preproc_bold.nii.gz"
"203",431106,1,"nfas-sub-431106_task-clockRev_run-1_space-MNI152NLin2009cAsym_desc-preproc_bold.nii.gz"
"204",431106,2,"nfas-sub-431106_task-clockRev_run-2_space-MNI152NLin2009cAsym_desc-preproc_bold.nii.gz"
"205",431224,1,"nfas-sub-431224_task-clockRev_run-1_space-MNI152NLin2009cAsym_desc-preproc_bold.nii.gz"
"206",431224,2,"nfas-sub-431224_task-clockRev_run-2_space-MNI152NLin2009cAsym_desc-preproc_bold.nii.gz"
"207",431230,1,"nfas-sub-431230_task-clockRev_run-1_space-MNI152NLin2009cAsym_desc-preproc_bold.nii.gz"
"208",431230,2,"nfas-sub-431230_task-clockRev_run-2_space-MNI152NLin2009cAsym_desc-preproc_bold.nii.gz"
"209",440021,1,"nfas-sub-440021_task-clockRev_run-1_space-MNI152NLin2009cAsym_desc-preproc_bold.nii.gz"
"210",440021,2,"nfas-sub-440021_task-clockRev_run-2_space-MNI152NLin2009cAsym_desc-preproc_bold.nii.gz"
"211",440024,1,"nfas-sub-440024_task-clockRev_run-1_space-MNI152NLin2009cAsym_desc-preproc_bold.nii.gz"
"212",440024,2,"nfas-sub-440024_task-clockRev_run-2_space-MNI152NLin2009cAsym_desc-preproc_bold.nii.gz"
"213",440042,1,"nfas-sub-440042_task-clockRev_run-1_space-MNI152NLin2009cAsym_desc-preproc_bold.nii.gz"
"214",440042,2,"nfas-sub-440042_task-clockRev_run-2_space-MNI152NLin2009cAsym_desc-preproc_bold.nii.gz"
"215",440066,1,"nfas-sub-440066_task-clockRev_run-1_space-MNI152NLin2009cAsym_desc-preproc_bold.nii.gz"
"216",440066,2,"nfas-sub-440066_task-clockRev_run-2_space-MNI152NLin2009cAsym_desc-preproc_bold.nii.gz"
"217",440072,1,"nfas-sub-440072_task-clockRev_run-1_space-MNI152NLin2009cAsym_desc-preproc_bold.nii.gz"
"218",440072,2,"nfas-sub-440072_task-clockRev_run-2_space-MNI152NLin2009cAsym_desc-preproc_bold.nii.gz"
"219",440120,1,"nfas-sub-440120_task-clockRev_run-1_space-MNI152NLin2009cAsym_desc-preproc_bold.nii.gz"
"220",440120,2,"nfas-sub-440120_task-clockRev_run-2_space-MNI152NLin2009cAsym_desc-preproc_bold.nii.gz"
"221",440138,1,"nfas-sub-440138_task-clockRev_run-1_space-MNI152NLin2009cAsym_desc-preproc_bold.nii.gz"
"222",440138,2,"nfas-sub-440138_task-clockRev_run-2_space-MNI152NLin2009cAsym_desc-preproc_bold.nii.gz"
"223",440149,1,"nfas-sub-440149_task-clockRev_run-1_space-MNI152NLin2009cAsym_desc-preproc_bold.nii.gz"
"224",440149,2,"nfas-sub-440149_task-clockRev_run-2_space-MNI152NLin2009cAsym_desc-preproc_bold.nii.gz"
"225",440165,1,"nfas-sub-440165_task-clockRev_run-1_space-MNI152NLin2009cAsym_desc-preproc_bold.nii.gz"
"226",440165,2,"nfas-sub-440165_task-clockRev_run-2_space-MNI152NLin2009cAsym_desc-preproc_bold.nii.gz"
"227",440166,1,"nfas-sub-440166_task-clockRev_run-1_space-MNI152NLin2009cAsym_desc-preproc_bold.nii.gz"
"228",440166,2,"nfas-sub-440166_task-clockRev_run-2_space-MNI152NLin2009cAsym_desc-preproc_bold.nii.gz"
"229",440181,1,"nfas-sub-440181_task-clockRev_run-1_space-MNI152NLin2009cAsym_desc-preproc_bold.nii.gz"
"230",440181,2,"nfas-sub-440181_task-clockRev_run-2_space-MNI152NLin2009cAsym_desc-preproc_bold.nii.gz"
"231",440182,1,"nfas-sub-440182_task-clockRev_run-1_space-MNI152NLin2009cAsym_desc-preproc_bold.nii.gz"
"232",440182,2,"nfas-sub-440182_task-clockRev_run-2_space-MNI152NLin2009cAsym_desc-preproc_bold.nii.gz"
"233",440184,1,"nfas-sub-440184_task-clockRev_run-1_space-MNI152NLin2009cAsym_desc-preproc_bold.nii.gz"
"234",440184,2,"nfas-sub-440184_task-clockRev_run-2_space-MNI152NLin2009cAsym_desc-preproc_bold.nii.gz"
"235",440196,1,"nfas-sub-440196_task-clockRev_run-1_space-MNI152NLin2009cAsym_desc-preproc_bold.nii.gz"
"236",440196,2,"nfas-sub-440196_task-clockRev_run-2_space-MNI152NLin2009cAsym_desc-preproc_bold.nii.gz"
"237",440199,1,"nfas-sub-440199_task-clockRev_run-1_space-MNI152NLin2009cAsym_desc-preproc_bold.nii.gz"
"238",440199,2,"nfas-sub-440199_task-clockRev_run-2_space-MNI152NLin2009cAsym_desc-preproc_bold.nii.gz"
"239",440200,1,"nfas-sub-440200_task-clockRev_run-1_space-MNI152NLin2009cAsym_desc-preproc_bold.nii.gz"
"240",440200,2,"nfas-sub-440200_task-clockRev_run-2_space-MNI152NLin2009cAsym_desc-preproc_bold.nii.gz"
"241",440214,1,"nfas-sub-440214_task-clockRev_run-1_space-MNI152NLin2009cAsym_desc-preproc_bold.nii.gz"
"242",440214,2,"nfas-sub-440214_task-clockRev_run-2_space-MNI152NLin2009cAsym_desc-preproc_bold.nii.gz"
"243",440215,1,"nfas-sub-440215_task-clockRev_run-1_space-MNI152NLin2009cAsym_desc-preproc_bold.nii.gz"
"244",440215,2,"nfas-sub-440215_task-clockRev_run-2_space-MNI152NLin2009cAsym_desc-preproc_bold.nii.gz"
"245",440216,1,"nfas-sub-440216_task-clockRev_run-1_space-MNI152NLin2009cAsym_desc-preproc_bold.nii.gz"
"246",440216,2,"nfas-sub-440216_task-clockRev_run-2_space-MNI152NLin2009cAsym_desc-preproc_bold.nii.gz"
"247",440237,1,"nfas-sub-440237_task-clockRev_run-1_space-MNI152NLin2009cAsym_desc-preproc_bold.nii.gz"
"248",440237,2,"nfas-sub-440237_task-clockRev_run-2_space-MNI152NLin2009cAsym_desc-preproc_bold.nii.gz"
"249",440243,1,"nfas-sub-440243_task-clockRev_run-1_space-MNI152NLin2009cAsym_desc-preproc_bold.nii.gz"
"250",440243,2,"nfas-sub-440243_task-clockRev_run-2_space-MNI152NLin2009cAsym_desc-preproc_bold.nii.gz"
"251",440247,1,"nfas-sub-440247_task-clockRev_run-1_space-MNI152NLin2009cAsym_desc-preproc_bold.nii.gz"
"252",440247,2,"nfas-sub-440247_task-clockRev_run-2_space-MNI152NLin2009cAsym_desc-preproc_bold.nii.gz"
"253",440254,1,"nfas-sub-440254_task-clockRev_run-1_space-MNI152NLin2009cAsym_desc-preproc_bold.nii.gz"
"254",440254,2,"nfas-sub-440254_task-clockRev_run-2_space-MNI152NLin2009cAsym_desc-preproc_bold.nii.gz"
"255",440263,1,"nfas-sub-440263_task-clockRev_run-1_space-MNI152NLin2009cAsym_desc-preproc_bold.nii.gz"
"256",440263,2,"nfas-sub-440263_task-clockRev_run-2_space-MNI152NLin2009cAsym_desc-preproc_bold.nii.gz"
"257",440266,1,"nfas-sub-440266_task-clockRev_run-1_space-MNI152NLin2009cAsym_desc-preproc_bold.nii.gz"
"258",440266,2,"nfas-sub-440266_task-clockRev_run-2_space-MNI152NLin2009cAsym_desc-preproc_bold.nii.gz"
"259",440292,1,"nfas-sub-440292_task-clockRev_run-1_space-MNI152NLin2009cAsym_desc-preproc_bold.nii.gz"
"260",440292,2,"nfas-sub-440292_task-clockRev_run-2_space-MNI152NLin2009cAsym_desc-preproc_bold.nii.gz"
"261",440295,1,"nfas-sub-440295_task-clockRev_run-1_space-MNI152NLin2009cAsym_desc-preproc_bold.nii.gz"
"262",440295,2,"nfas-sub-440295_task-clockRev_run-2_space-MNI152NLin2009cAsym_desc-preproc_bold.nii.gz"
"263",440301,1,"nfas-sub-440301_task-clockRev_run-1_space-MNI152NLin2009cAsym_desc-preproc_bold.nii.gz"
"264",440301,2,"nfas-sub-440301_task-clockRev_run-2_space-MNI152NLin2009cAsym_desc-preproc_bold.nii.gz"
"265",440307,1,"nfas-sub-440307_task-clockRev_run-1_space-MNI152NLin2009cAsym_desc-preproc_bold.nii.gz"
"266",440307,2,"nfas-sub-440307_task-clockRev_run-2_space-MNI152NLin2009cAsym_desc-preproc_bold.nii.gz"
"267",440311,1,"nfas-sub-440311_task-clockRev_run-1_space-MNI152NLin2009cAsym_desc-preproc_bold.nii.gz"
"268",440311,2,"nfas-sub-440311_task-clockRev_run-2_space-MNI152NLin2009cAsym_desc-preproc_bold.nii.gz"
"269",440323,1,"nfas-sub-440323_task-clockRev_run-1_space-MNI152NLin2009cAsym_desc-preproc_bold.nii.gz"
"270",440323,2,"nfas-sub-440323_task-clockRev_run-2_space-MNI152NLin2009cAsym_desc-preproc_bold.nii.gz"
"271",440329,1,"nfas-sub-440329_task-clockRev_run-1_space-MNI152NLin2009cAsym_desc-preproc_bold.nii.gz"
"272",440329,2,"nfas-sub-440329_task-clockRev_run-2_space-MNI152NLin2009cAsym_desc-preproc_bold.nii.gz"
"273",440330,1,"nfas-sub-440330_task-clockRev_run-1_space-MNI152NLin2009cAsym_desc-preproc_bold.nii.gz"
"274",440330,2,"nfas-sub-440330_task-clockRev_run-2_space-MNI152NLin2009cAsym_desc-preproc_bold.nii.gz"
"275",440335,1,"nfas-sub-440335_task-clockRev_run-1_space-MNI152NLin2009cAsym_desc-preproc_bold.nii.gz"
"276",440335,2,"nfas-sub-440335_task-clockRev_run-2_space-MNI152NLin2009cAsym_desc-preproc_bold.nii.gz"
"277",440336,1,"nfas-sub-440336_task-clockRev_run-1_space-MNI152NLin2009cAsym_desc-preproc_bold.nii.gz"
"278",440336,2,"nfas-sub-440336_task-clockRev_run-2_space-MNI152NLin2009cAsym_desc-preproc_bold.nii.gz"
"279",440337,1,"nfas-sub-440337_task-clockRev_run-1_space-MNI152NLin2009cAsym_desc-preproc_bold.nii.gz"
"280",440337,2,"nfas-sub-440337_task-clockRev_run-2_space-MNI152NLin2009cAsym_desc-preproc_bold.nii.gz"
"281",440340,1,"nfas-sub-440340_task-clockRev_run-1_space-MNI152NLin2009cAsym_desc-preproc_bold.nii.gz"
"282",440340,2,"nfas-sub-440340_task-clockRev_run-2_space-MNI152NLin2009cAsym_desc-preproc_bold.nii.gz"
"283",440355,1,"nfas-sub-440355_task-clockRev_run-1_space-MNI152NLin2009cAsym_desc-preproc_bold.nii.gz"
"284",440355,2,"nfas-sub-440355_task-clockRev_run-2_space-MNI152NLin2009cAsym_desc-preproc_bold.nii.gz"
"285",440359,1,"nfas-sub-440359_task-clockRev_run-1_space-MNI152NLin2009cAsym_desc-preproc_bold.nii.gz"
"286",440359,2,"nfas-sub-440359_task-clockRev_run-2_space-MNI152NLin2009cAsym_desc-preproc_bold.nii.gz"
"287",440361,1,"nfas-sub-440361_task-clockRev_run-1_space-MNI152NLin2009cAsym_desc-preproc_bold.nii.gz"
"288",440361,2,"nfas-sub-440361_task-clockRev_run-2_space-MNI152NLin2009cAsym_desc-preproc_bold.nii.gz"
"289",440368,1,"nfas-sub-440368_task-clockRev_run-1_space-MNI152NLin2009cAsym_desc-preproc_bold.nii.gz"
"290",440368,2,"nfas-sub-440368_task-clockRev_run-2_space-MNI152NLin2009cAsym_desc-preproc_bold.nii.gz"
"291",440392,1,"nfas-sub-440392_task-clockRev_run-1_space-MNI152NLin2009cAsym_desc-preproc_bold.nii.gz"
"292",440392,2,"nfas-sub-440392_task-clockRev_run-2_space-MNI152NLin2009cAsym_desc-preproc_bold.nii.gz"
"293",440393,1,"nfas-sub-440393_task-clockRev_run-1_space-MNI152NLin2009cAsym_desc-preproc_bold.nii.gz"
"294",440393,2,"nfas-sub-440393_task-clockRev_run-2_space-MNI152NLin2009cAsym_desc-preproc_bold.nii.gz"
"295",440423,1,"nfas-sub-440423_task-clockRev_run-1_space-MNI152NLin2009cAsym_desc-preproc_bold.nii.gz"
"296",440423,2,"nfas-sub-440423_task-clockRev_run-2_space-MNI152NLin2009cAsym_desc-preproc_bold.nii.gz"
"297",881224,1,"nfas-sub-881224_task-clockRev_run-1_space-MNI152NLin2009cAsym_desc-preproc_bold.nii.gz"
"298",881224,2,"nfas-sub-881224_task-clockRev_run-2_space-MNI152NLin2009cAsym_desc-preproc_bold.nii.gz"
"299",881230,1,"nfas-sub-881230_task-clockRev_run-1_space-MNI152NLin2009cAsym_desc-preproc_bold.nii.gz"
"300",881230,2,"nfas-sub-881230_task-clockRev_run-2_space-MNI152NLin2009cAsym_desc-preproc_bold.nii.gz"
